id,created_at,text
839302033454813185,2017-03-08 02:29:32,b'Aqu\xc3\xad mi comunicado. https://t.co/lP4LYFpypm'
634864793120194561,2015-08-21 23:08:56,b'Nadie est\xc3\xa1 por encima de la ley.'
634038987359842304,2015-08-19 16:27:29,b'Aclaro. http://t.co/uJNBrcVPWJ'
585542748842917888,2015-04-07 20:40:44,b'Estamos cumpliendo la orden de nuestro presidente de trabajo y m\xc3\xa1s trabajo en nuestra siembra en Olancho.'
466666796460699648,2014-05-14 19:50:09,b'RT @juandiegozelaya: Con @cesarpintop Sub Director de @Infophn quien decidi\xc3\xb3 dejar de fumar. #Saludable #NoFumes #YesWeCan http://t.co/8cMW\xe2\x80\xa6'
466666686041432065,2014-05-14 19:49:42,b'RT @infophn: Director @juandiegozelaya por Maya TV hablando de todos los proyectos por venir a #INFOP en beneficio de la poblaci\xc3\xb3n http://t\xe2\x80\xa6'
466666591044632576,2014-05-14 19:49:20,b'RT @DiarioLaPrensa: Presidente Juan Orlando Hern\xc3\xa1ndez anuncia desembolso de L 60 millones para construcci\xc3\xb3n de granja penal #SPS http://t.c\xe2\x80\xa6'
461937619904258048,2014-05-01 18:38:05,"b'RT @JuanOrlandoH: Esta ma\xc3\xb1ana una productiva reunion con 2 empresas de Cruceros en Miami, donde definimos incrementar el numero de turistas\xe2\x80\xa6'"
459545272352526336,2014-04-25 04:11:45,"b'RT @karlovillatoro: Aprendiendo de pol\xc3\xadticos probados y ganadores , somos el partido +Grande y Fuerte @PEPE_LOBO reuni\xc3\xb3n de trabajo http://\xe2\x80\xa6'"
454319629922738177,2014-04-10 18:06:55,"b'RT @JuanOrlandoH: Celebrando el 83 aniversario de la Fuerza \xc3\x81erea, felicito a los soldados del aire por cumplir y honrar a la patria. http:\xe2\x80\xa6'"
451791509126656001,2014-04-03 18:41:04,b'RT @JOHANNSEREN: @PEPE_LOBO  el Ballet Folkl\xc3\xb3rico Oro Lenca lo recuerda con muuuuuucho cari\xc3\xb1o!!!! Nos debe la visita en La Esperanza! http:\xe2\x80\xa6'
451791190376325120,2014-04-03 18:39:48,b'RT @infophn: #DiaMundialdelaActividadFisica #Abril6 @juandiegozelaya @JuanOrlandoH @anagarciacarias #Preparatustenis http://t.co/TY5lguVYt9'
451790805808996353,2014-04-03 18:38:16,b'RT @JuanOrlandoH: Un c\xc3\xa1lido recibimiento a nuestra llegada a Panam\xc3\xa1 para asistir al Foro Econ\xc3\xb3mico Mundial. http://t.co/FoE9a83Bar'
451542241950322688,2014-04-03 02:10:34,b'RT @EPN: Agradezco la invitaci\xc3\xb3n del Presidente @JuanOrlandoH. Esta visita profundizar\xc3\xa1 nuestra relaci\xc3\xb3n como socios estrat\xc3\xa9gicos.'
449930623332126720,2014-03-29 15:26:34,b'RT @juandiegozelaya: De la mano con la empresa privada para  fortalecer nuestra fuerza laboral #convenio @ccichn @infophn @JuanOrlandoH htt\xe2\x80\xa6'
449930302572732416,2014-03-29 15:25:18,"b'RT @JuanOrlandoH: Beneficiamos a m\xc3\xa1s de 5000 familias inaugurando el pavimento del casco urbano de San Jos\xc3\xa9 del Potrero, Comayagua. http://\xe2\x80\xa6'"
408742727812411392,2013-12-05 23:40:35,"b'Este d\xc3\xada nos despedimos de uno de los m\xc3\xa1s grandes l\xc3\xadderes que ha tenido este mundo, Nelson Mandela.'"
406420648970702848,2013-11-29 13:53:28,b'Nuestro gobierno realiz\xc3\xb3 la entrega de 900 t\xc3\xadtulos de propiedad en el municipio de Juticalpa'
406420118269607937,2013-11-29 13:51:21,"b'Al cumplir con m\xc3\xa1s de 200 d\xc3\xadas de clases, hemos reducido el porcentaje de consumo de alcohol, tabaco y otras drogas, entre los j\xc3\xb3venes'"
406419906654400513,2013-11-29 13:50:31,"b'Con apoyo del SAG y el BCIE, sentado las bases para realizar una inversi\xc3\xb3n de 460 millones de lempiras para producci\xc3\xb3n agr\xc3\xadcola en el 2014'"
404240738835496960,2013-11-23 13:31:17,"b'Me da gusto el haber entregado un t\xc3\xadtulo de propiedad derecho ancestral que anhelaba la comunidad gar\xc3\xadfuna de Punta Gorda, Islas de la Bah\xc3\xada'"
404240428662546432,2013-11-23 13:30:03,"b'Hemos inaugurado un tramo carretero que tanto necesitaba la comunidad de Punta Gorda, en el archipi\xc3\xa9lago de Islas de la Bah\xc3\xada'"
404239514883067904,2013-11-23 13:26:25,"b'Es una gran satisfacci\xc3\xb3n inaugurar el puente La Empalizada, que comunicar\xc3\xa1 los municipios de Juticalpa y San Francisco de Becerra, Olancho.'"
403159691108577280,2013-11-20 13:55:35,b'Felicitamos a radio cadena voces en su s\xc3\xa9ptimo aniversario y esperamos que todo su personal siga adelante con su gran trabajo.'
402974785925177344,2013-11-20 01:40:50,b'Es un gusto haber entregado fondos para la compra de instrumentos de bandas marciales a institutos que participaron en los desfiles patrios.'
402912658724495360,2013-11-19 21:33:58,"b'Damos la bienvenida a los nuevos embajadores de Corea del Sur, Azerbaiy\xc3\xa1n y Tailandia.'"
402912402939072512,2013-11-19 21:32:57,"b'Estamos muy alegres de haber hecho la entrega de 500 t\xc3\xadtulos de propiedad a compatriotas de la comunidad de Talgua, Lempira.'"
402601619985940480,2013-11-19 00:58:00,"b'Hemos realizado entrega de 68 millones de lempiras a productores de caf\xc3\xa9 de alianza p\xc3\xbablico privada, en Corqu\xc3\xadn, Cop\xc3\xa1n.'"
401337668539531264,2013-11-15 13:15:31,b'Estamos orgullosos de la designada presidencial que ha recibido un reconocimiento por parte del COHEP por el apoyo al sector privado'
401337358035222528,2013-11-15 13:14:17,b'Agradecemos al gobierno de Taiw\xc3\xa1n por su donaci\xc3\xb3n de 30 millones de lempiras para apoyar la Merienda Escolar y al Hospital San Felipe'
401336095851683840,2013-11-15 13:09:16,"b'He tenido el gusto de inaugurar varios proyectos habitacionales en el departamento de Intibuc\xc3\xa1, que brindar\xc3\xa1 197 viviendas'"
400614836524290048,2013-11-13 13:23:14,"b'Nuestro gobierno, por medio del Consejo Nacional de Defensa y Seguridad, garantizamos elecciones pac\xc3\xadficas.'"
400416621308944384,2013-11-13 00:15:36,"b""Apoyando la marat\xc3\xb3n 'Corazones Unidos por Nuestro Hospital' del Hospital San Francisco de Juticalpa, hemos donado de 1 mill\xc3\xb3n de lempiras."""
400416369587806208,2013-11-13 00:14:36,"b'Nuestra designada presidencial, Mar\xc3\xada Antonieta Guill\xc3\xa9n, inaugur\xc3\xb3 la reconstrucci\xc3\xb3n del puente sobre el r\xc3\xado Choloma, en Cort\xc3\xa9s'"
398484461756899328,2013-11-07 16:17:53,b'Inauguramos las instalaciones de Indura Beach and Golf Resort que pronto recibir\xc3\xa1 miles de turistas que visitan nuestro hermoso pa\xc3\xads'
398484165253140480,2013-11-07 16:16:43,"b'La belleza de los Cayos Cochinos es reconocida en todo el mundo por portales web, como uno de los lugares m\xc3\xa1s hermosos que se debe visitar'"
398484006762999808,2013-11-07 16:16:05,"b""Es un gran honor recibir el reconocimiento 'Cruz de Fuego en Oro' de parte de nuestro Heroico y Benem\xc3\xa9rito Cuerpo de Bomberos."""
397109834291879936,2013-11-03 21:15:37,b'Damos la bienvenida a todos los visitantes que comienzan a llegar a nuestras hermosas playas en el departamento de las Islas de la Bah\xc3\xada.'
396459617364213762,2013-11-02 02:11:53,b'\xc2\xa1Felicitamos a nuestros muchachos que han puesto el nombre de Honduras en alto cumpliendo un gran papel en el mundial Sub-17!'
396308460218093568,2013-11-01 16:11:14,b'Felicidades a todos los que forman la familia de HRN (La voz de Honduras) hoy en su 80 aniversario de estar en los hogares de nuestro pa\xc3\xads.'
396080347106246656,2013-11-01 01:04:48,b'Env\xc3\xado un cordial saludo al Cuerpo de Bomberos de Honduras en su celebraci\xc3\xb3n de 58 a\xc3\xb1os de servir de forma heroica a nuestra comunidad'
395655851538907136,2013-10-30 20:58:00,"b'Con alegr\xc3\xada celebrando los 200 d\xc3\xadas de clases cumplidos, entregando 647 tabletas a alumnos de excelencia acad\xc3\xa9mica en Francisco Moraz\xc3\xa1n'"
395654149079310336,2013-10-30 20:51:14,"b'Junto a mi quer\xc3\xada Rosa, hemos inaugurado en el hospital San Felipe la Cl\xc3\xadnica Integral para la Mujer ""Rosa""'"
395276372563988480,2013-10-29 19:50:05,"b'Mi querida Rosa realiz\xc3\xb3 la entrega de 147 computadoras a ni\xc3\xb1os y ni\xc3\xb1as estudiantes en El Chimbo, como parte del programa Educatrachos.'"
395276078216122368,2013-10-29 19:48:55,"b'Toda la ni\xc3\xb1ez hondure\xc3\xb1a agradece a los educadores, padres de familia y la Secretar\xc3\xada de Educaci\xc3\xb3n.\n\xc2\xa1Hemos logrado 200 d\xc3\xadas de clases!'"
395275890181308416,2013-10-29 19:48:10,"b'Celebramos con alegr\xc3\xada los 200 d\xc3\xadas de clases cumplidos.\nAgradecemos a los educadores, padres de familia y Secretar\xc3\xada de Educaci\xc3\xb3n.'"
395274291128049664,2013-10-29 19:41:49,b'Es un honor y un regalo para m\xc3\xad que nos enaltezcan nombr\xc3\xa1ndonos padrinos de esta gran iniciativa de educaci\xc3\xb3n de nuestras Fuerzas Armadas'
395273412433965056,2013-10-29 19:38:20,"b'Estamos agradecidos con la UE, quienes brindar\xc3\xa1n un financiamiento de 47 millones de Euros que ayudar\xc3\xa1n en proyectos de desarrollo forestal.'"
394910308663578624,2013-10-28 19:35:29,b'Felicidades muchachos de la selecci\xc3\xb3n Sub-17 por haber obtenido la victoria y llegado a cuartos de final. \xc2\xa1Sigamos adelante!'
393554516974796800,2013-10-25 01:48:03,"b'Entrega de reconocimiento de parte de GRULAC por nuestra labor en materia fiscal, econ\xc3\xb3mica y democr\xc3\xa1tica. http://t.co/3w9pIPMgNE'"
393440276959997952,2013-10-24 18:14:06,b'Mi Rosa entregando sillas de ruedas en M\xc3\xa1rcala La Paz a quienes m\xc3\xa1s lo necesitan. http://t.co/PqctuaSpLw'
393090827930853376,2013-10-23 19:05:31,"b'Tengan la seguridad que, as\xc3\xad como hemos sentado las bases de un cambio en educaci\xc3\xb3n, vamos a hacerlo con la salud de mi pueblo.'"
393090544458813440,2013-10-23 19:04:23,b'Nos hicimos presentes con mi Rosa al Hospital Catarino Rivas de SPS para escuchar directamente de los afectados.'
393014152203366400,2013-10-23 14:00:50,b'Vamos a hacernos pesentes personalmente al Mario Catarino Rivas. Mi pueblo no puede seguir sufriendo.'
391645084737089536,2013-10-19 19:20:39,b'El proyecto de pavimentaci\xc3\xb3n de la carretera de Olanchito a San Lorenzo en Yoro ahora es una realidad y podr\xc3\xa1 brindar crecimiento econ\xc3\xb3mico.'
391619869390934016,2013-10-19 17:40:27,"b'...y veamos como ejemplo a las mujeres qu\xc3\xa9 llenas de valor enfrentan d\xc3\xada a d\xc3\xada la temible enfermedad, ya que son ejemplo de ESPERANZA y FE'"
391619325028990976,2013-10-19 17:38:17,b'Nos unimos a la lucha contra el c\xc3\xa1ncer de mama... http://t.co/4Ao3Y4rUDT'
391613896613969921,2013-10-19 17:16:43,"b'Nuestra designada presidencial ha inaugurado proyecto ""Luces para Aprender"" que electrificar\xc3\xa1 con energ\xc3\xada solar a escuelas necesitadas.'"
390333616787824640,2013-10-16 04:29:20,"b'Felicidades a todo el pueblo hondure\xc3\xb1o por esa clasificaci\xc3\xb3n de la selecci\xc3\xb3n! Los hondure\xc3\xb1os podemos, s\xc3\xad podemos!'"
390305110087462912,2013-10-16 02:36:04,b'Vamos muchachos adelante selecci\xc3\xb3n!'
389423519047876608,2013-10-13 16:12:56,"b'...Seguimos adelante. Los hondure\xc3\xb1os podemos, si que podemos.'"
389423388303052800,2013-10-13 16:12:25,b'Nuestra primera Dama Hondure\xc3\xb1a encabezar\xc3\xa1 por una veintena de pa\xc3\xadses la gran marcha de pa\xc3\xadses latinoamericanos y 2 europeos de habla hispana'
389423122237374464,2013-10-13 16:11:22,"b'Mi Rosa ha sido nominada Gran Mariscal, en el desfile de la Hispanidad a celebrarse hoy en New York...'"
388823349989998592,2013-10-12 00:28:05,"b'@Laura_Ch Presidenta, nos congratulamos ambas selecciones de estar a un paso de representar y poner en alto el nombre de nuestra regi\xc3\xb3n CA'"
388794760355676161,2013-10-11 22:34:28,"b'Vamos muchachos as\xc3\xad se hace. Los hondure\xc3\xb1os podemos, s\xc3\xad podemos.'"
388777457463328768,2013-10-11 21:25:43,"b'Apoyemos a nuestra selecci\xc3\xb3n. Vamos muchachos, los hondure\xc3\xb1os podemos!!!'"
385934209061515264,2013-10-04 01:07:40,"b'Felicitaciones en su d\xc3\xada al soldado hondure\xc3\xb1o por su gran labor tan abnegada, valent\xc3\xada por defender nuestro pa\xc3\xads y sus labores humanitarias.'"
385550957465313280,2013-10-02 23:44:46,b'Estoy muy satisfecho con haber hecho entrega de resoluciones que otorgan cuatro frecuencias de radios comunitarias'
385550535744815105,2013-10-02 23:43:05,"b'Gracias a los grandes esfuerzos que nuestro gobierno ha realizado, hemos reducido la sub alimentaci\xc3\xb3n en un 8.7%'"
385550293788024832,2013-10-02 23:42:07,b'Mi querida Rosa inaugur\xc3\xb3 la exhibici\xc3\xb3n de la Copa del Mundo FIFA en el museo Chiminike'
385550147197075456,2013-10-02 23:41:32,"b'Ha sido una tarea muy dif\xc3\xadcil, pero hemos logrado reducir los niveles de pobreza general y pobreza extrema'"
384741405987717120,2013-09-30 18:07:54,b'En representaci\xc3\xb3n de mi pueblo con la copa. http://t.co/vzIPHGk7HZ'
384715356079939584,2013-09-30 16:24:23,b'Camino a recibir la copa del mundo que por 2da. vez llega a Honduras. http://t.co/jXN6FYcBPD'
384121204464164864,2013-09-29 01:03:26,"b'Compatriotas, hoy celebramos 192 a\xc3\xb1os de haber recibido los pliegos de independencia, dia a dia seguimos mejorando por una gran naci\xc3\xb3n.'"
383739591599325184,2013-09-27 23:47:02,"b'Nuestra designada presidencial, Mar\xc3\xada Antonieta Guill\xc3\xa9n, compareci\xc3\xb3 ante la Organizaci\xc3\xb3n de las Naciones Unidas'"
383041190587011072,2013-09-26 01:31:51,"b'Nuestra designada, Mar\xc3\xada Antonieta Guill\xc3\xa9n, inaugur\xc3\xb3 oficialmente los XIV Juegos Deportivos Universitarios de Centroam\xc3\xa9rica y el Caribe'"
383040955596931074,2013-09-26 01:30:55,b'Agradecemos el apoyo del gobierno de la India en el proyecto de irrigaci\xc3\xb3n de 3 mil hect\xc3\xa1reas en el valle de Jamastr\xc3\xa1n'
383040773375418368,2013-09-26 01:30:11,"b'Gracias al esfuerzo de nuestro gobierno, Honduras ha logrado cumplir con el mayor n\xc3\xbamero de recomendaciones sobre derechos humanos.'"
383040700671336448,2013-09-26 01:29:54,b'Nuestros hermosos municipios de La Ceiba y Roat\xc3\xa1n ser\xc3\xa1n la sede del primer Observatorio de Turismo Sostenible y Cambio Clim\xc3\xa1tico'
382309529834512384,2013-09-24 01:04:29,b'Disfrutaremos de la participaci\xc3\xb3n de los atletas dando lo mejor de s\xc3\xad en sus disciplinas para representar a sus respectivos pa\xc3\xadses'
382309233070735360,2013-09-24 01:03:18,b'Env\xc3\xado un cordial saludo a los j\xc3\xb3venes participantes de los Juegos Deportivos Universitarios de Centroam\xc3\xa9rica y el Caribe Honduras 2013'
381167832224243712,2013-09-20 21:27:47,"b'Las Familias de nuestros h\xc3\xa9roes bomberos, polic\xc3\xadas y militares, ahora ser\xc3\xa1n beneficiadas por el Bono 10 Mil Urbano.'"
381167350068019200,2013-09-20 21:25:52,"b'Estamos orgullosos del joven ingeniero Andy Escalante, quien ha sido en el ganador del concurso \xe2\x80\x9cGraduate XXI\xe2\x80\x9d promovido por el BID'"
381167197537964032,2013-09-20 21:25:16,"b'La Virgen de Suyapa adorna los jardines del Vaticano, representando nuestra querida Honduras como pocos pa\xc3\xadses han tenido la oportunidad.'"
381167040234803200,2013-09-20 21:24:38,"b'Ha sido un honor realizar la entrega de la r\xc3\xa9plica de la Virgen de Suyapa, al Estado del Vaticano, en presencia del Papa Francisco.'"
381092869387583488,2013-09-20 16:29:55,"b'Nuestra virgencita de Suyapa ocupar\xc3\xa1 un lugar privilegiado en los jardines de la Santa Sede, el templo m\xc3\xa1s importante de la cristiandad.'"
379961052366372864,2013-09-17 13:32:28,b'\xc2\xa1Feliz Dia del Maestro Hondure\xc3\xb1o! Conmemoramos este dia en honor a Jos\xc3\xa9 Trinidad Reyes y a todos los educadores de Honduras.'
379312398957428736,2013-09-15 18:34:57,b'\xc2\xa1Celebremos nuestros 192 a\xc3\xb1os de independencia http://t.co/ND3Sv9vnjY'
379311040468901888,2013-09-15 18:29:33,b'\xc2\xa1Feliz d\xc3\xada Honduras!\nHoy festejamos lo mejor de nuestra tierra http://t.co/T3ewTYlKo5'
379309448659210240,2013-09-15 18:23:14,b'Le deseo un feliz D\xc3\xada de la Independencia a todos los Hondure\xc3\xb1os.\ncelebren y disfruten con sus seres queridos de nuestras fiestas patrias.'
378703963891433473,2013-09-14 02:17:15,b'El ballet nacional Gar\xc3\xadfuna de Honduras nos representar\xc3\xa1 en el extranjero. http://t.co/VnEUndY3OB'
378703528786944000,2013-09-14 02:15:31,b'http://t.co/jv5qaUjgUl'
377794740881993730,2013-09-11 14:04:19,"b'Seguimos adelante, apoyemos a nuestra  Selecci\xc3\xb3n. Sabemos que llegar\xc3\xa1n a la meta. Los Hondure\xc3\xb1os cuando nos proponemos podemos.'"
377412527812251648,2013-09-10 12:45:33,b'\xc2\xa1\xc3\x81nimo muchachos! http://t.co/aaDFosbDw6'
377412243530723328,2013-09-10 12:44:25,b'Feliz d\xc3\xada a los ni\xc3\xb1os y ni\xc3\xb1as de Honduras! http://t.co/5pkSS8z06j'
376187230618140672,2013-09-07 03:36:39,"b'Felicidades muchachos, han demostrado nuevamente que unidos y en equipo Honduras si puede. Adelante compatriotas, sigamos apoyando a la H!'"
376186732326428672,2013-09-07 03:34:40,"b'Nuestro gobierno ha hecho entrega de 400 t\xc3\xadtulos de propiedad en la comunidad de Caridad, Valle.'"
376186607176806400,2013-09-07 03:34:11,b'Con el apoyo de todos lograremos incrementar los beneficios del ecoturismo y duplicar las divisas generadas por este rubro'
374767753108131840,2013-09-03 05:36:09,"b'El d\xc3\xada domingo, las autoridades de gobierno, realizamos los actos de izada y juramentaci\xc3\xb3n de la Bandera Nacional de Honduras'"
374767588884381696,2013-09-03 05:35:30,"b'Disfrute junto a mi querida Rosa, la Primera Dama, del concierto \xe2\x80\x9cM\xc3\xbasica por la Esperanza\xe2\x80\x9d, en el que participaron talentosos ni\xc3\xb1os y ni\xc3\xb1as'"
374767519086936064,2013-09-03 05:35:14,"b'\xc2\xa1Feliz mes de la independencia, Honduras!'"
374767482932068352,2013-09-03 05:35:05,b'Gracias a la Asociaci\xc3\xb3n Scouts de Honduras por el reconocimiento que se me ha brindado http://t.co/IpG0axCSTu'
373218075782701056,2013-08-29 22:58:17,"b'He instruido a una comisi\xc3\xb3n  comisi\xc3\xb3n liderada por el Secretario Privado Pompeyo Bonilla, a brindar el apoyo necesario a familia afectadas.'"
373217979032666112,2013-08-29 22:57:54,"b'Env\xc3\xado mi solidaridad a las familias que han perdido seres queridos en los derrumbes de esta madrugada en el Bal\xc3\xadn, Santa Cruz de Yojoa.'"
373216194096271360,2013-08-29 22:50:49,b'La Cuenta del Milenio: Nuestro Gobierno ha registrado un crecimiento en \xc3\xadndice de Presupuesto Abierto de 11 puntos en 2010 a 53 en el 2012.'
372493668923744257,2013-08-27 22:59:45,b'Esperamos crear acuerdos que permitan mejorar las condiciones de vida de los ni\xc3\xb1os que se encuentran fuera de sus fronteras.'
372493373036576768,2013-08-27 22:58:35,"b'Las primeras damas, sus representantes y organizaciones involucradas en migraci\xc3\xb3n infantil buscar\xc3\xa1n crear acuerdos de cooperaci\xc3\xb3n regional.'"
372493135110500352,2013-08-27 22:57:38,"b'Mi Rosa llegar\xc3\xa1 este d\xc3\xada a la ciudad de Guatemala, donde participar\xc3\xa1 en la Conferencia Regional para las Migraciones.'"
371774213314846720,2013-08-25 23:20:54,b'Mi m\xc3\xa1s sentido p\xc3\xa9same a los seres queridos de quienes perdieron la vida en este tr\xc3\xa1gico accidente.'
371774065738285056,2013-08-25 23:20:19,b'Hemos habilitado el n\xc3\xbamero telef\xc3\xb3nico 113 para que los familiares puedan mantenerse informados.'
371773797680295936,2013-08-25 23:19:15,b'Hemos instruido a Copeco y la Canciller\xc3\xada para que apoyen a las familias de nuestros compatriotas fallecidos y de los heridos.'
371773467500503040,2013-08-25 23:17:56,"b'Lamento mucho lo ocurrido en M\xc3\xa9xico, el descarrilamiento de un tren provoc\xc3\xb3 la p\xc3\xa9rdida de la vida de varios Hondure\xc3\xb1os,'"
370225823233896448,2013-08-21 16:48:09,b'Hemos aprobado el proyecto de La caja comunal que servir\xc3\xa1 para facilitarle cr\xc3\xa9dito a vendedores de 27 mercados del distrito central.'
370225275784949760,2013-08-21 16:45:58,b'Es de mucha satisfacci\xc3\xb3n apoyar a la ODECO en planificaci\xc3\xb3n de la primera universidad Afrodescendiente en Honduras http://t.co/DD5yroxAk4'
369515368890372097,2013-08-19 17:45:03,b'Debemos seguir trabajando para mejorar la salud de todo el pueblo hondure\xc3\xb1o. \rCon el esfuerzo de todos superaremos toda adversidad.'
369515247989567488,2013-08-19 17:44:35,"b'Se est\xc3\xa1n comenzado a dar resultados positivos logrando, por medio de una buena gesti\xc3\xb3n, ahorro importante de mas de 21 millones de lempiras.'"
369514775669010432,2013-08-19 17:42:42,"b'Agradezco al Banco de Occidente, en especial a Don Jorge Bueso Arias y la Sociedad Civil por la contribuci\xc3\xb3n para la compra de medicamentos.'"
368139600889270272,2013-08-15 22:38:15,b'Celebremos con la Escuela Normal Mixta Pedro Nufio sus 40 a\xc3\xb1os de crear docentes para educar a nuestros j\xc3\xb3venes. http://t.co/d3O62Gy2jS'
368139390574682112,2013-08-15 22:37:25,b'Las obras de prevenci\xc3\xb3n de desastre realizadas en El Berrinche por La Alcald\xc3\xada y JICA beneficiaran a mas de 500 mil capitalinos.'
368139318411673600,2013-08-15 22:37:07,"b'Felicito a La Alcald\xc3\xada del Distrito Central y JICA, por concluir obras de prevenci\xc3\xb3n de desastres en El Berrinche.'"
367137109473509376,2013-08-13 04:14:42,"b'D\xc3\xada Internacional de la Juventud, \nJoven, tu participaci\xc3\xb3n es clave para el progreso de Honduras.\nDa lo mejor de ti en tu comunidad.'"
364888526250196993,2013-08-06 23:19:38,b'Tuve el honor de premiar a 18 docentes que obtuvieron las m\xc3\xa1s altas calificaciones de evaluaci\xc3\xb3n de rendimiento http://t.co/Z89XmKKg6i'
363084541180641280,2013-08-01 23:51:15,b'Este sitio Arqueol\xc3\xb3gico es el reflejo de siete a\xc3\xb1os de arduo trabajo de arque\xc3\xb3logos de la Universidad de Harvard y t\xc3\xa9cnicos locales.'
363084360129318912,2013-08-01 23:50:32,"b'Es un gran orgullo para nuestra naci\xc3\xb3n presentar un nuevo atractivo tur\xc3\xadstico: Sitio Arqueol\xc3\xb3gico Rastroj\xc3\xb3n, Cop\xc3\xa1n. http://t.co/Ib1si9qdf8'"
363034217459879936,2013-08-01 20:31:16,"b'Algunos productos que son beneficiados con la alianza con la Uni\xc3\xb3n Europa son: El az\xc3\xbacar, carne bobina, arroz, confecci\xc3\xb3n y el banano.'"
363034134374924292,2013-08-01 20:30:57,"b'Orgullosamente, somos el segundo socio comercial de la Uni\xc3\xb3n Europea, aportando el 30% de lo exportado a nivel de la regi\xc3\xb3n.'"
363034051529441280,2013-08-01 20:30:37,b'Es una satisfacci\xc3\xb3n saber que el 92 por ciento de nuestras exportaciones hacia Europa ingresan bajo libre arancel.'
362766076146221056,2013-08-01 02:45:47,"b'...por contribuir de manera decisiva con la causa de la paz, la reconciliaci\xc3\xb3n y el afianzamiento de los valores democr\xc3\xa1ticos en Honduras.'"
362765744682967040,2013-08-01 02:44:28,"b'Tuve el honor de entregar una condecoraci\xc3\xb3n de alt\xc3\xadsimo nivel al excelent\xc3\xadsimo Sr. Leonel Fern\xc3\xa1ndez, expresidente de Rep\xc3\xbablica Dominicana...'"
362054075795255297,2013-07-30 03:36:32,"b'Mi Rosa fue recibida de una manera c\xc3\xa1lida por las madres del crematorio municipal, donde realiz\xc3\xb3 la entrega del Bono 10 Mil.'"
360772324603084801,2013-07-26 14:43:19,"b'Y ademas busca la reconversi\xc3\xb3n de la deuda interna en externa, pagadera con menores intereses y a un mayor plazo.'"
360772192792875008,2013-07-26 14:42:48,b'Esta ley no se usar\xc3\xa1 para pago de gastos corrientes del Gobierno.'
360771858267766786,2013-07-26 14:41:28,"b'La pr\xc3\xb3xima semana conversar\xc3\xa9 con los diferentes sectores del pa\xc3\xads, para que conozcan el esp\xc3\xadritu de la Ley de Reconversi\xc3\xb3n de la Deuda.'"
360520475547410434,2013-07-25 22:02:34,b'Felicidades en su d\xc3\xada! http://t.co/9SdmZF3uUI'
360492932203163648,2013-07-25 20:13:07,b'... Nos unimos en oraci\xc3\xb3n por todas las familias afectadas.'
360492881405935617,2013-07-25 20:12:55,b'Lamentamos el accidente acontecido en Galicia el d\xc3\xada de ayer. Acompa\xc3\xb1amos a nuestros hermanos espa\xc3\xb1oles en su luto y en su dolor...'
360160626951192576,2013-07-24 22:12:39,b'Creyendo que los productores son la base de nuestra econom\xc3\xada realizamos una donaci\xc3\xb3n de 31 millones de lempiras a cooperativas cafetaleras.'
360160466753945600,2013-07-24 22:12:01,"b'En nuestra visita a Lempira realizamos entrega de 4,553 mini computadoras a los alumnos y 178 computadoras a maestros.'"
360160371950104576,2013-07-24 22:11:38,b'Compart\xc3\xad con mis compatriotas de las bellas tierras de Lempira en un di\xc3\xa1logo ameno sobre sus solicitudes y trabajando prontamente en ellas.'
359145678825459712,2013-07-22 02:59:37,b'Gracias por esta alegr\xc3\xada y su paso a semifinales de la Copa Oro \xc2\xa1Adelante muchachos!'
358558813181730816,2013-07-20 12:07:37,b'Hoy 20 de julio conmemoramos el ejemplo del Cacique Lempira un h\xc3\xa9roe nacional que luch\xc3\xb3 incansablemente por defender nuestra patria.'
358398526155259905,2013-07-20 01:30:42,b'Creemos que Dios es la base para crear una nueva Honduras. Nos unimos a #1N1D en oraci\xc3\xb3n por un mejor destino para el pa\xc3\xads.'
357605209612095490,2013-07-17 20:58:20,b'Muchas gracias por el esfuerzo y dedicaci\xc3\xb3n de todos los veteranos de guerra que velaron por la integridad de Honduras.'
357590687849541632,2013-07-17 20:00:38,"b'Que gran honor compartir con mi gran amigo, Picho Goldstein. http://t.co/mbBFbMgvjQ'"
357478876445802496,2013-07-17 12:36:20,"b'Este seminario como parte para la inducci\xc3\xb3n de Honduras a la EITI, es una ventaja para atraer la inversi\xc3\xb3n a nuestro pa\xc3\xads.'"
357478683906277376,2013-07-17 12:35:34,b'Sabemos que es una gran oportunidad para nuestro pa\xc3\xads ser los anfitriones del III Seminario Latinoamericano y del Caribe de Petr\xc3\xb3leo y Gas.'
357331034162999297,2013-07-17 02:48:52,"b'Felicidades a todos los ingenieros civiles, contribuyen incansablemente al desarrollo de nuestra hermosa Honduras. http://t.co/2fKjbmd6RA'"
357208343221256192,2013-07-16 18:41:20,"b'Lamento el fallecimiento de un gran periodista y destacado ciudadano, Aldo Calder\xc3\xb3n. Pedimos a Dios que traiga paz al coraz\xc3\xb3n de su familia.'"
357207956200230913,2013-07-16 18:39:48,"b'Gracias a esfuerzos realizados a favor de la democracia, presenciamos un paso m\xc3\xa1s hacia las elecciones de noviembre. http://t.co/dA2SykOAuy'"
356933878650380288,2013-07-16 00:30:42,"b'En la brigada se recibieron a m\xc3\xa1s de 20 mil personas dando atenci\xc3\xb3n en medicina general, odontol\xc3\xb3gica y entrega de medicamentos gratuitos.'"
356933762661105665,2013-07-16 00:30:15,"b'Para llevar salud a todos los rincones de nuestro pa\xc3\xads, realizamos una Mega Brigada C\xc3\xadvica Militar en la colonia La Laguna.'"
355826459169927171,2013-07-12 23:10:13,b'Estoy seguro que nuestros seleccionados hoy dar\xc3\xa1n todo por Honduras en la #CopaOro \xc2\xa1Nuestro apoyo est\xc3\xa1 con ustedes!'
355826316211265536,2013-07-12 23:09:39,b'Con la uni\xc3\xb3n a los pa\xc3\xadses miembros del Mercosur se fomentar\xc3\xa1 la cooperaci\xc3\xb3n cient\xc3\xadfica y t\xc3\xa9cnica entre los Estados.'
355826157804994560,2013-07-12 23:09:01,b'En Honduras contamos con diversos rubros que podemos unir para explotarlos en beneficio de las mayor\xc3\xadas de los pa\xc3\xadses miembros del Mercosur.'
355825988984250369,2013-07-12 23:08:21,"b'Seguimos buscando oportunidades para nuestros productores. Con este fin, viaj\xc3\xa9 a Uruguay para participar en la cumbre de Mercosur.'"
354784500594642946,2013-07-10 02:09:51,b'Es una gran satisfacci\xc3\xb3n saber que nuestros j\xc3\xb3venes son reconocidos a nivel internacional por su talento y dedicaci\xc3\xb3n.'
354784244507213825,2013-07-10 02:08:50,"b'Me enorgullece felicitar a Emma Pastrana, nadadora de aguas abiertas, quien clasific\xc3\xb3 a los Juegos Centroamericanos y del Caribe 2014.'"
354738985194631170,2013-07-09 23:08:59,b'Esta estrategia de Geoturismo la desarrollamos aprovechando todas las caracter\xc3\xadsticas naturales y humanas para generar turismo sostenible.'
354738842584088578,2013-07-09 23:08:25,b'Nos enorgullece afirmar que somos el primer pa\xc3\xads en comprometernos en una estrategia nacional de Geoturismo.'
354388812480262145,2013-07-08 23:57:31,b'\xc2\xa1\xc3\x81nimo seleccionados! Sabemos que hoy van a demostrar la garra catracha en el terreno de juego contra Hait\xc3\xad. Estamos con ustedes.'
353307790938353665,2013-07-06 00:21:56,b'El pueblo unido en un mismo clamor: Una #Honduras en #Paz y sin Violencia. Dios est\xc3\xa1 con nosotros.'
353307620267929600,2013-07-06 00:21:15,b'De nuevo aplaudimos la iniciativa de la iglesia por sus oraciones elevadas a nuestro Padre para que interceda por nuestra Honduras.'
353307378717962240,2013-07-06 00:20:17,"b'Gracias a los esfuerzos conjuntos de poblaci\xc3\xb3n, polic\xc3\xada nacional y FFAA, complace saber que el nivel de homicidios ha reducido esta semana.'"
353306876450058240,2013-07-06 00:18:18,"b'#Honduras est\xc3\xa1 en manos de nuestro Creador, pero es un esfuerzo de todos velar por la seguridad del pa\xc3\xads haciendo las denuncias al 9-1-1.'"
353188776551518209,2013-07-05 16:29:00,"b'Uno de los pilares fundamentales de nuestro gobierno es la educaci\xc3\xb3n, por lo que siempre hemos luchado para que todos puedan acceder a ella.'"
353188692405399553,2013-07-05 16:28:40,"b'El d\xc3\xada de ayer realizamos la entrega del Reglamento de Educaci\xc3\xb3n, esta ley garantiza el derecho a la educaci\xc3\xb3n de los hondure\xc3\xb1os.'"
352961282007252993,2013-07-05 01:25:01,"b""Dicho proyecto, a cargo de Cordon's Heavy Equipment, es parte del corredor agr\xc3\xadcola que une el departamento de #Olancho con #PuertoCastilla"""
352961120769802241,2013-07-05 01:24:23,b'Seguimos construyendo caminos para unir a #Honduras. Desde ma\xc3\xb1ana se reinicia la construcci\xc3\xb3n del tramo carretero San Francisco - Gualaco.'
352956233629724672,2013-07-05 01:04:58,"b'Extiendo una felicitaci\xc3\xb3n a nuestro pa\xc3\xads amigo, Estados Unidos, en la celebraci\xc3\xb3n de un a\xc3\xb1o m\xc3\xa1s de su independencia. http://t.co/vGIJT5Y9dg'"
352614790805467138,2013-07-04 02:28:12,"b'Apoyamos el esfuerzo de la Iglesia Evang\xc3\xa9lica para pedir por la paz de Honduras, sabiendo que solo con su gu\xc3\xada podremos salir adelante.'"
352485374385348608,2013-07-03 17:53:56,b'Educatrachos en acci\xc3\xb3n. http://t.co/yj4VgZAZt1'
351763471303577600,2013-07-01 18:05:21,b'RT @ReinaldoHN: Comparto con ustedes reportaje de la tribuna http://t.co/NDRRu5ITC7'
351497942961631233,2013-07-01 00:30:14,b'Compart\xc3\xad con madres de familia y personas de la tercera edad para entregar el Bono 10 Mil y Alimento Solidario. http://t.co/3R3KzJDFh9'
351495072174444545,2013-07-01 00:18:50,b'Esta iniciativa dinamizar\xc3\xa1 la producci\xc3\xb3n nacional ya que se abrir\xc3\xa1n oportunidades en el mercado internacional.'
351494485659750401,2013-07-01 00:16:30,"b'Me siento honrado y feliz de ser parte de la Zona Econ\xc3\xb3mica de Petrocaribe, esta es una gran oportunidad para nuestro producto nacional.'"
351064637053214722,2013-06-29 19:48:26,"b'Estos programas sociales de ayuda solidaria que entregamos, es muy justa, es la paz que compartamos unos con otros.'"
351064450188587009,2013-06-29 19:47:42,b'Compart\xc3\xad con madres de familia y personas de la tercera edad para entregar el Bono 10 Mil y Alimento Solidario al Adulto Mayor.'
350443874826715137,2013-06-28 02:41:45,"b'Todo el Continente Americano, abriga la esperanza de que la discusi\xc3\xb3n del proyecto en la C\xc3\xa1mara de Representantes de EUA ser\xc3\xa1 exitosa.'"
350443662649458688,2013-06-28 02:40:54,b'Agradezco en nombre de las familias hondure\xc3\xb1as por aprobaci\xc3\xb3n del proyecto de ley sobre la #reformamigratoria por parte del Senado de EUA.'
350409289061498881,2013-06-28 00:24:19,"b'Los temas que tratamos fueron de car\xc3\xa1cter migratorio, clim\xc3\xa1tico, agr\xc3\xadcolas, comerciales y de seguridad.'"
350409255280590848,2013-06-28 00:24:11,"b'Estuve junto a los presidentes de Centroam\xc3\xa9rica en el #SICA, para discutir temas de suma importancia para #Honduras'"
349996969206358016,2013-06-26 21:05:54,b'Esto va a descongestionar el tr\xc3\xa1fico vehicular que por muchos a\xc3\xb1os ha afectado esta zona de la Capital.'
349996338970247169,2013-06-26 21:03:24,"b'Tambi\xc3\xa9n se mejor\xc3\xb3 el tramo del aserradero Sansone, puente El Carrizal, retorno y tercer carril del Boulevard Fuerzas Armadas.'"
349996261992185856,2013-06-26 21:03:06,"b'Tuve la oportunidad de inaugurar el paso a desnivel en Tegucigalpa, el Puente Pepe Lobo.'"
349657382621683712,2013-06-25 22:36:30,b'La entrega del Bono es con el prop\xc3\xb3sito de propiciar las condiciones necesarias para que los ni\xc3\xb1os tengan rendimiento de calidad en clases'
349626157206999040,2013-06-25 20:32:26,"b'M\xc3\xa1s bonos 10 mil para mis compatriotas, seguimos cumpliendo con las familias hondure\xc3\xb1as m\xc3\xa1s necesitadas. http://t.co/FsM5fk9nAQ'"
349313273751023617,2013-06-24 23:49:09,"b'Me alegra por el importante n\xc3\xbamero de compatriotas inscritos en el TPS, son m\xc3\xa1s de 58 mil hondure\xc3\xb1os gozando de sus beneficios.'"
349186044396191745,2013-06-24 15:23:35,"b'Apoyando los programas que benefician los ni\xc3\xb1os, realizamos la donaci\xc3\xb3n de un mill\xc3\xb3n de Lempiras en el TeleRadio Marat\xc3\xb3n de las Aldeas SOS.'"
349185786077384705,2013-06-24 15:22:33,b'Tengo el compromiso de apoyar todos los proyectos que tengan como fin beneficiar a la ni\xc3\xb1ez hondure\xc3\xb1a como es Aldeas SOS.'
349185576014057474,2013-06-24 15:21:43,"b'Estuve entregando el Bono 10 Mil en el bello municipio de Yamaranguila, propiciando una base para mejorar el bienestar de sus habitantes.'"
348255090114703362,2013-06-22 01:44:18,b'Tuve el agrado de inaugurar el UniMall en pro del desarrollo de Zona Sur. Beneficiar\xc3\xa1 a compatriotas en Choluteca. http://t.co/EqFK0fu128'
346737541761875968,2013-06-17 21:14:06,"b'Quiero compartir este reconocimiento, con los productores hondure\xc3\xb1os quienes han ayudado a reducir los \xc3\xadndices de subnutrici\xc3\xb3n en el pa\xc3\xads.'"
346737451500441600,2013-06-17 21:13:45,b'Tuve el agrado de recibir un reconocimiento de la FAO por cumplir el objetivo del milenio: reducir la subnutrici\xc3\xb3n. http://t.co/nxoNUbR1zY'
346283172721483776,2013-06-16 15:08:36,b'\xc2\xa1Aqu\xc3\xad el premio! \xc2\xa1Felicidades Honduras! http://t.co/Z2OYTTR8rJ'
346275458633043968,2013-06-16 14:37:57,b'Reconocimiento ante la FAO a Honduras por lograr disminuir en un 50% el \xc3\xadndice de desnutrici\xc3\xb3n en lo \xc3\xbaltimos 3 a\xc3\xb1os! http://t.co/tColatHrAE'
345669988650192896,2013-06-14 22:32:02,b'Donar sangre es un regalo de vida. http://t.co/alT5gThM29'
345020565410684928,2013-06-13 03:31:27,b'Compart\xc3\xad con mis compatriotas del hermoso Departamento de La Paz haciendo entrega de computadoras y el Bono de la Tercera Edad.'
344676937358262272,2013-06-12 04:46:00,"b'Mil felicidades a la H, hoy demostramos una vez m\xc3\xa1s que cuando los Catrachos queremos, podemos. http://t.co/Hjjix20suh'"
344526521710567425,2013-06-11 18:48:18,"b'\xc2\xa1Las aulas est\xc3\xa1n abiertas! M\xc3\xa1s de 2,000,0000 de ni\xc3\xb1os en clases. http://t.co/U9541sDzMt'"
344524345781141504,2013-06-11 18:39:39,"b'Llegaremos a 70,000 computadoras entregadas a los ni\xc3\xb1os. http://t.co/dGbQny9Gu5'"
344434464820183041,2013-06-11 12:42:30,"b'Darle educaci\xc3\xb3n a los ni\xc3\xb1os y j\xc3\xb3venes, es la mejor forma de un mejor futuro para nuestro pa\xc3\xads. \xc2\xa1Felicidades a los estudiantes en su d\xc3\xada!'"
344430918162849792,2013-06-11 12:28:24,b'La educaci\xc3\xb3n que se imparte hoy es la semilla que germinar\xc3\xa1 el d\xc3\xada de ma\xc3\xb1ana en un pa\xc3\xads mejor. \xc2\xa1Feliz d\xc3\xada del estudiante!'
343428513027731457,2013-06-08 18:05:12,b'Felicidades en el D\xc3\xada Nacional del Polic\xc3\xada Hondure\xc3\xb1a a todos esos hombres y mujeres que velan por la seguridad de nuestro pueblo!'
343221334760886273,2013-06-08 04:21:57,"b'Hoy no fue posible el triunfo pero seguimos adelante. Apoyemos la H, \xc2\xa1gan\xc3\xa1remos frente a Jamaica!'"
343155763105124352,2013-06-08 00:01:24,"b'Hoy nuestros jugadores demostrar\xc3\xa1n la garra catracha. \xc2\xa1Vamos selecci\xc3\xb3n, Honduras est\xc3\xa1 con ustedes!'"
342822126627221504,2013-06-07 01:55:38,b'Fuimos recibidos c\xc3\xa1lidamente en el jard\xc3\xadn de ni\xc3\xb1os Mar\xc3\xada Teresa Z\xc3\xbaniga el d\xc3\xada de hoy en la entrega del Bono de Solidaridad al Adulto Mayor.'
342820089927704579,2013-06-07 01:47:33,b'Extiendo mis m\xc3\xa1s sinceras felicitaciones al noticiero Hoy Mismo que celebra este d\xc3\xada 34 a\xc3\xb1os de informar al pueblo hondure\xc3\xb1o.\xc2\xa1Felicidades!'
342447377539538944,2013-06-06 01:06:31,"b'En Honduras tenemos una gran riqueza natural, les invito a que cuidemos de los recursos para tener un desarrollo sostenible.'"
342049063891505154,2013-06-04 22:43:46,b'Estuve en las tierras de Santa B\xc3\xa1rbara haciendo entrega del Bono 10 Mil a familias y disfrutando de bailes t\xc3\xadpicos. \xc2\xa1Qu\xc3\xa9 linda es Honduras!'
341972511749201920,2013-06-04 17:39:35,b'La adhesi\xc3\xb3n al EITI garantiza que los hondure\xc3\xb1os recibir\xc3\xa1n desarrollo humano a cambio de la explotaci\xc3\xb3n responsable de las riquezas.'
341660407787814913,2013-06-03 20:59:23,b'Con el deseo de aumentar la inversi\xc3\xb3n en Honduras nos hemos unido a la Iniciativa para la Transparencia de las Industrias Extractivas.'
340580395533860866,2013-05-31 21:27:48,"b'D\xc3\xada mundial antitabaco, conmemoramos el esfuerzo realizado por preservar el bienestar del pueblo hondure\xc3\xb1o, respetando la salud de todos.'"
340079284976754690,2013-05-30 12:16:34,"b'Hoy conmemoramos el d\xc3\xada del Pino, \xc3\xa1rbol nacional, d\xc3\xa1ndole gracias a Dios por habernos provisto de tan grande riqueza en nuestro pa\xc3\xads.'"
339935442550013952,2013-05-30 02:44:59,"b'Celebramos el 1er. aniversario de la Direcci\xc3\xb3n Nacional de Investigaci\xc3\xb3n e Inteligencia, iniciativa de este gobierno de apoyar la seguridad.'"
339579798957461504,2013-05-29 03:11:48,"b'Apoyando la educaci\xc3\xb3n de los m\xc3\xa1s peque\xc3\xb1os, formamos el futuro de una mejor Honduras. http://t.co/pfBzwDGFON'"
339579214493790208,2013-05-29 03:09:28,"b'El d\xc3\xada de hoy entregamos mochilas a los ni\xc3\xb1os de Yoro y alrededores, hemos entregado tambi\xc3\xa9n m\xc3\xa1s de un mill\xc3\xb3n 300 mil textos de espa\xc3\xb1ol.'"
339433916207349761,2013-05-28 17:32:06,b'Llegamos a las hermosas tierras de Yoro. Seguimos apoyando a las familias de esta comunidad y sus alrededores.'
338264038880464897,2013-05-25 12:03:26,b'...Muchas felicidades en su d\xc3\xada a todos los periodistas!'
338263798685257728,2013-05-25 12:02:28,"b'A los que cumplen la abnegada labor de informar y crear opini\xc3\xb3n, teniendo un compromiso con la verdad y los intereses de nuestro pueblo...'"
338119900709154816,2013-05-25 02:30:41,b'\xc2\xa1Seguimos estrechando lazos de amistad con Latinoam\xc3\xa9rica! Acompa\xc3\xb1ando junto a otros al presidente Correa del Ecuador http://t.co/7TvExZPQ2c'
337985079445958656,2013-05-24 17:34:57,"b'Felicito a los periodistas en la entrega del premio \xc3\x81lvaro Contreras, en especial a Jonathan Russell, honrado hoy con este reconocimiento.'"
337687732140793856,2013-05-23 21:53:23,b'Estamos trabajando en un nuevo plan para que el pueblo hondure\xc3\xb1o tenga acceso a la salud y para tener sistema m\xc3\xa1s equitativo para el 2038.'
337687397921878016,2013-05-23 21:52:04,"b'Gracias al trabajo realizado por el gobierno en pro de la democracia, tendremos elecciones en noviembre con apertura al pluralismo pol\xc3\xadtico.'"
336279338313981952,2013-05-20 00:36:56,"b'Felicidades al Club Deportivo Olimpia y a su afici\xc3\xb3n, por ser el primer Tetracampeon en la historia de Honduras...'"
336236963491377153,2013-05-19 21:48:33,"b'A escasas horas del partido de la gran final del f\xc3\xbatbol hondure\xc3\xb1o, pedimos prudencia y respeto entre sus seguidores y \xc2\xa1Qu\xc3\xa9 gane el mejor!'"
335566589783072769,2013-05-18 01:24:44,"b'A todos los contadores que ejercen esta respetable labor, mis m\xc3\xa1s sinceras felicitaciones en su d\xc3\xada.'"
335551459317911553,2013-05-18 00:24:36,"b'Hoy, d\xc3\xada internacional de las telecomunicaciones, reitero mi posici\xc3\xb3n de respeto a la libertad de expresi\xc3\xb3n y a la democratizaci\xc3\xb3n de ellas.'"
335502389790515201,2013-05-17 21:09:37,"b'Dialogando con los j\xc3\xb3venes de la zona norte en la C\xc3\xa1mara CCIC, escuchando sus brillantes ideas.'"
335203296509841408,2013-05-17 01:21:08,b'Es necesario que dejemos de lado las ideas que nos limitan a desarrollarnos como pa\xc3\xads.'
335203152422895616,2013-05-17 01:20:33,b'Entablar relaciones comerciales con China Continental es beneficioso para nuestro pa\xc3\xads porque significa una oportunidad para mas inversi\xc3\xb3n.'
335111779585773568,2013-05-16 19:17:29,"b'Grupo de danza Oro Lenca, \xc2\xa1Orgullo Catracho! http://t.co/KOuvtm0rj7'"
335086762718273536,2013-05-16 17:38:04,b'A su corta edad ya es orador: http://t.co/EEtc5NSHbY'
335084163516465152,2013-05-16 17:27:44,"b'Estamos en Comayagua entregando 60 Millones de Lempiras a peque\xc3\xb1os productores, en el Centro de Entrenamiento de Desarrollo Agr\xc3\xadcola.'"
335084034495508481,2013-05-16 17:27:14,b'Seguimos apoyando a los peque\xc3\xb1os emprendedores que son los que sostienen la econom\xc3\xada familiar http://t.co/NAN77Pgjbz'
334864080718417920,2013-05-16 02:53:13,b'Aqui adjunto mas fotografias: http://t.co/DDjgiKllk8'
334838680340553728,2013-05-16 01:12:17,b'Las im\xc3\xa1genes de la entrega: http://t.co/QsjjlhW0g2'
334838545111994368,2013-05-16 01:11:44,"b'\xe2\x80\xa6un reconocimiento por parte de la Red Latinoamericana y del Caribe para la Democracia. \xc2\xa1Esto, tambi\xc3\xa9n es de ustedes!'"
334838431639285760,2013-05-16 01:11:17,b'El esfuerzo por unir a la familia hondure\xc3\xb1a ha sido grande y hoy se nos reconoce. Recibimos en nombre del pueblo hondure\xc3\xb1o...'
334816750858301441,2013-05-15 23:45:08,b'La reincorporaci\xc3\xb3n de Honduras a Petrocaribe es una esfuerzo con visi\xc3\xb3n en el futuro y desarrollo de nuestro pa\xc3\xads.'
334816329104257025,2013-05-15 23:43:28,b'Les exhorto compatriotas a que produzcamos lo mejor para sacar el mayor provecho de la oportunidad que con Petrocaribe se nos abre.'
334814231205662721,2013-05-15 23:35:08,b'En el d\xc3\xada internacional de la familia: http://t.co/ry7vdXgdHx'
334813593478500352,2013-05-15 23:32:35,"b'Muchas felicidades a todos los agr\xc3\xb3nomos en su d\xc3\xada, gracias por impulsar uno de los sectores m\xc3\xa1s importantes de nuestro pa\xc3\xads.'"
334488208547147778,2013-05-15 01:59:38,b'Seguimos entregando m\xc3\xa1s computadoras para la educaci\xc3\xb3n de los ni\xc3\xb1os. http://t.co/4Ct0ySgeHe'
334487625010401281,2013-05-15 01:57:19,"b'El Consejo de Ministros fue hoy en Ocotepeque, nos recibieron con el calor de su gente y la belleza de sus paisajes. http://t.co/SsRujeunYI'"
334366370655510529,2013-05-14 17:55:29,"b'El gobierno sigue acerc\xc3\xa1ndose a la gente, hoy Ocotepeque nos recibe con los brazos abiertos. http://t.co/0AQ0TKnkVW'"
333987187790053377,2013-05-13 16:48:45,"b'... Creando un entorno estable para la inversi\xc3\xb3n, mejorando as\xc3\xad la econom\xc3\xada de nuestro pa\xc3\xads.'"
333986968696401922,2013-05-13 16:47:53,"b'El haber realizado la alianza con Uni\xc3\xb3n Europea pretende alcanzar nuevos mercados, fortaleciendo los sectores productivos y ...'"
333986596384813056,2013-05-13 16:46:24,b'... Y una expansi\xc3\xb3n a las exportaciones beneficiando a los productores hondure\xc3\xb1os en diversos rubros.'
333986376410333187,2013-05-13 16:45:31,"b'Junto a Centroam\xc3\xa9rica y Panam\xc3\xa1, hemos firmado un acuerdo de asociaci\xc3\xb3n con la Uni\xc3\xb3n Europea para potenciar el desarrollo sostenible,'"
333566839672168450,2013-05-12 12:58:26,b'Gracias madres por ser ese pilar tan importante en la formaci\xc3\xb3n de nuestro pa\xc3\xads! Feliz d\xc3\xada de las madres! http://t.co/Al1N6BhoMh'
333257160387592192,2013-05-11 16:27:53,b'Fu\xc3\xa9 una hermosa ma\xc3\xb1ana compartiendo con todos los presentes. http://t.co/liYIfETd9D'
333256772301225985,2013-05-11 16:26:21,"b'Entrega del bono 10 Mil en la escuela Rep\xc3\xbablica de Paraguay, al mismo tiempo felicito a todas las madres en su d\xc3\xada, http://t.co/L6YnvBsR9Y'"
332934011972382721,2013-05-10 19:03:48,b'Renovando los lazos de amistad con la comunidad internacional. En pl\xc3\xa1ticas amenas con el Sr. Canciller de Palestina. http://t.co/GbT3LVN1mz'
332678663806013440,2013-05-10 02:09:09,"b'En nombre de todos los hondure\xc3\xb1os, dando la bienvenida al Excmo. Canciller del Ecuador. http://t.co/Asgl2UTssF'"
332533576576929792,2013-05-09 16:32:37,b'Participando en IV congreso iberoamericano de j\xc3\xb3venes empresarios   en SPS en las instalaciones de la CCIC. http://t.co/85ecbE9HTp'
332285169690083329,2013-05-09 00:05:32,b'... Y adem\xc3\xa1s la posible creaci\xc3\xb3n de una Auditoria Trasnacional. http://t.co/AU74obF48L'
332284856518205441,2013-05-09 00:04:18,"b'Estudiaremos modelos exitosos de administraci\xc3\xb3n compartida en situaciones similares al Golfo de Fonseca,'"
332284643166519296,2013-05-09 00:03:27,"b'Se solicitar\xc3\xa1 a la comunidad internacional el apoyo y la asesor\xc3\xada para convertir al Golfo de Fonseca en una zona de desarrollo trinacional,'"
332283927697960960,2013-05-09 00:00:36,b'Esta es de obligatorio cumplimento por todas las partes. http://t.co/8dqrk9k8Dk'
332283594452115457,2013-05-08 23:59:17,b'...una ruta de trabajo para revisar el estado de cumplimiento de la sentencia de la Corte Internacional de Justicia de  1992...'
332282997141303297,2013-05-08 23:56:54,b'Se instruir\xc3\xa1 a las canciller\xc3\xadas de los 3 pa\xc3\xadses a conformar un equipo t\xc3\xa9cnico jur\xc3\xaddico y de Soberan\xc3\xada para que conjuntamente establezcan...'
332258696409268226,2013-05-08 22:20:21,b'En Nicaragua trabajando por nuestro pa\xc3\xads. http://t.co/VWwDQetba8'
331876615481094146,2013-05-07 21:02:05,"b'Entregando titulo de propiedad que beneficiar\xc3\xa1 a m\xc3\xa1s de 2,200 familias en el departamento de Gracias a Dios. http://t.co/iLF2K4zRSA'"
331869954125225984,2013-05-07 20:35:37,b'Entregando el Bono 10 mil a las familias de Gracias a Dios. http://t.co/UFtXDjDmds'
331869229584375808,2013-05-07 20:32:45,b'Entregando el Bono de Alimento para el Adulto Mayor en el Departamento de Gracias a Dios. http://t.co/LK81M1D15J'
331868979926818816,2013-05-07 20:31:45,b'Un honor poder entregarle el Alimento Solidario para el Adulto Mayor al se\xc3\xb1or Alberto Wood de 116 a\xc3\xb1os de edad. http://t.co/9D4Y5ODCcK'
331868601869037569,2013-05-07 20:30:15,b'Aqu\xc3\xad con la entrega de las computadoras. http://t.co/7lgRfcC1L4'
331868373824729088,2013-05-07 20:29:21,b'Entregando computadoras a mis peque\xc3\xb1os compatriotas de Gracias a Dios. http://t.co/tSWnLpLKtG'
331868085134974977,2013-05-07 20:28:12,b'Entregando mochilas para nuestros peque\xc3\xb1os compatriotas de Gracias a Dios. http://t.co/KzfT4lavKw'
331838338287931393,2013-05-07 18:29:59,b'Compartiendo en Gracias a Dios con nuestra gente querida. http://t.co/Fpb4jXWQzQ'
331836826425892864,2013-05-07 18:23:59,b'Aqu\xc3\xad un poco mas de nuestra gente. http://t.co/2227ZovARL'
331836072617197568,2013-05-07 18:20:59,b'Tinkipali al sut tra\xe2\x80\xa6 Gracias al pueblo Miskito por recibirme con tanto cari\xc3\xb1o. http://t.co/rCGqYPC3mN'
331835524518121474,2013-05-07 18:18:49,b'Compartiendo con mi gente en Gracias a Dios en el Primer Consejo hist\xc3\xb3rico de ministros en esta regi\xc3\xb3n de Honduras. http://t.co/BCsqkRvyMs'
331398844241813505,2013-05-06 13:23:36,b'...los sectores productivos nacionales de los paises miembros para su desarrollo integral.'
331398739262586880,2013-05-06 13:23:11,b'La ZEP plantea dinamizar y hacer sostenible el esquema de PETROCARIBE articulando de manera conjunta...'
331398212751593472,2013-05-06 13:21:05,"b'Felicito al reci\xc3\xa9n electo Presidente por la voluntad del pueblo venezolano, Nicol\xc3\xa1s Maduro, por impulsar la Zona Econ\xc3\xb3mica de Petrocaribe...'"
331397739067895810,2013-05-06 13:19:12,"b'...Basados en los principios de unidad, solidaridad, cooperaci\xc3\xb3n y complementariedad.'"
331397535543480321,2013-05-06 13:18:24,"b'...en su gran visi\xc3\xb3n latinoamericanista de integraci\xc3\xb3n de nuestros pueblos promoviendo el desarrollo social y econ\xc3\xb3mico de la regi\xc3\xb3n,'"
331397313882886145,2013-05-06 13:17:31,b'Ayer en Caracas se aprob\xc3\xb3 el reingreso de Honduras a PETROCARIBE. Esta iniciativa creada por el Presidente Ch\xc3\xa1vez...'
331162134731968512,2013-05-05 21:43:00,b'Vamos a aprovechar Petrocaribe para llevar m\xc3\xa1s beneficio social a los sectores que realmente lo necesitan. http://t.co/WKk0Jz2D9c'
330888744024551427,2013-05-05 03:36:38,b'...al Director de Direcci\xc3\xb3n de Investigaci\xc3\xb3n e inteligencia para que den seguridad necesaria y se lleve a cabo la investigaci\xc3\xb3n pertinente.'
330888483348561920,2013-05-05 03:35:36,"b'Lamento y condeno lo sucedido al empresario El\xc3\xadas Chain, he dado instrucciones al Ministro de Seguridad, al Director de la Polic\xc3\xada y ...'"
330519883118960642,2013-05-04 03:10:55,b'En Costa Rica en la cumbre con Barack Obama. http://t.co/Fi5bha3ldh'
330519244511010817,2013-05-04 03:08:23,b'En la cumbre en Costa Rica con el presidente @BarackObama http://t.co/OE7KyFl5RP'
330367632731697152,2013-05-03 17:05:56,"b'Atendiendo a Ada Azucena Maltez y Azucena Maradiaga, del barrio el Manchen, damnificadas por las lluvias. http://t.co/FO7Cq2jvTT'"
330366635875639296,2013-05-03 17:01:58,b'En reuni\xc3\xb3n de emergencia convocada para dar respuesta la poblaci\xc3\xb3n damnificada por las lluvias de anoche http://t.co/ttnSkRCIWE'
330323333021331456,2013-05-03 14:09:54,"b'... a COPECO, Bomberos, Fuerzas Armadas y Polic\xc3\xada Nacional para tomar acciones inmediatas y poder apoyar a nuestros compatriotas afectados.'"
330322942187683841,2013-05-03 14:08:21,b'He dado instrucciones a #Copeco y ning\xc3\xban afectado se quedar\xc3\xa1 sin apoyo. He convocado a reuni\xc3\xb3n de emergencia a las 8:30am...'
330322060784070657,2013-05-03 14:04:51,"b'Nos solidarizamos con los afectados por la fuerte lluvia de anoche en Tegucigalpa y Siguatepeque,'"
330316827945230336,2013-05-03 13:44:03,"b'...del derecho de todos en la sociedad a participar, que viva la libertad de prensa y el acceso de todos a los medios de comunicaci\xc3\xb3n!'"
330316428383227906,2013-05-03 13:42:28,"b'Debemos edificar la sociedad humana sobre los principios fundamentales, el respeto a la dignidad, el bien com\xc3\xban, la solidaridad y ...'"
330315722179870721,2013-05-03 13:39:39,"b'Es un derecho accesible para todos, debemos velar y luchar por el derecho de la infancia y los adolescentes, nuestro tesoro m\xc3\xa1s preciado,'"
330315480940285952,2013-05-03 13:38:42,"b'Hoy d\xc3\xada internacional de la libertad de prensa reiteramos nuestra firme convicci\xc3\xb3n que ese derecho humano debe respetarse,'"
329357407866220544,2013-04-30 22:11:39,b'No es f\xc3\xa1cil comenzar a poner orden pero no dejaremos que nos roben la esperanza FELICIDADES ABOGADOS!'
329357214655590402,2013-04-30 22:10:53,"b'Abogados, hoy en su d\xc3\xada recordamos a los que ya no est\xc3\xa1n, pero tambi\xc3\xa9n a los que luchan d\xc3\xada con d\xc3\xada, por una Honduras mas justa.'"
329357102634110977,2013-04-30 22:10:27,"b'Abogados defensores de la justicia y el derecho, en estos momentos tan dif\xc3\xadciles agradecemos que existan personas como ustedes...'"
329289221913333760,2013-04-30 17:40:43,b'Tambi\xc3\xa9n entreg\xc3\xa1ndoles textos para su educaci\xc3\xb3n. http://t.co/P4nmczlUyY'
329285805426216960,2013-04-30 17:27:08,b'Entregando mochilas a mis peque\xc3\xb1os compatriotas de Juticalpa Olancho. http://t.co/gUewBmTHo4'
328189167911718913,2013-04-27 16:49:29,b'Felicidades Yoro! Felicidades Educatrachos! http://t.co/hAn1xE5mqC'
328189106993647616,2013-04-27 16:49:15,"b'Educatrachos alcanza hoy m\xc3\xa1s de 35,000 computadoras ya entregadas. http://t.co/5Fil8UwZIC'"
328188948524457984,2013-04-27 16:48:37,"b'Estoy en Sulaco, Yoro entregando m\xc3\xa1s de 2,000 computadoras a maestros y ni\xc3\xb1os en 20 escuelas. http://t.co/GdhE98O2bE'"
328188751983550467,2013-04-27 16:47:50,b'Cumpliendo con lo m\xc3\xa1s importante...la Educaci\xc3\xb3n de nuestros ni\xc3\xb1os. http://t.co/ZzmaWdjIje'
328144762249027584,2013-04-27 13:53:02,"b'Adelante Ana Pineda siga luchando por lo mas importante para la humanidad, el reconocimiento de la dignidad de la persona humana.'"
328144262430588928,2013-04-27 13:51:03,"b'...que nos ayudaron a rehacer lo que estaba destruido, ya que a esos foros no se entra sin el abordaje del tema de los Derechos Humanos.'"
328144026710732801,2013-04-27 13:50:07,"b'...quien con su imagen y trayectoria cuando la representaci\xc3\xb3n de nuestro pa\xc3\xads estaba vedada de los foros mundiales, abri\xc3\xb3 muchisimas puertas'"
328143677790765056,2013-04-27 13:48:44,b'... es mi decisi\xc3\xb3n de haber creado la Secretaria de Justicia y Derechos Humanos y me congratulo con la labor de la Ministra Ana Pineda...'
328143343190163456,2013-04-27 13:47:24,b'Lamentablemente a veces pronto olvidamos. Pero si hay algo en mi Gobierno de lo que cada vez me siento mas orgulloso es de lo siguiente...'
327872217989918722,2013-04-26 19:50:03,b'La V cumbre de la Asociacion de Estados del Caribe http://t.co/ri5jU3uM5I'
327764476986281984,2013-04-26 12:41:55,b'La propuesta de reforma esta en el Congreso Nacional y les toca analizar y hacer lo que consideren en el marco de la ley que les corresponde'
327763407342284800,2013-04-26 12:37:40,b'... y nos mantenemos firmes respetando estos consensos. Esa es nuestra posici\xc3\xb3n.'
327763283241230336,2013-04-26 12:37:10,"b'En la propuesta de reforma de la Ley de Telecomunicaciones esta la posici\xc3\xb3n a la que llegamos en diferentes di\xc3\xa1logos con distintos sectores,'"
327762664229068800,2013-04-26 12:34:43,b'...para que se respeten los derechos de la ni\xc3\xb1ez y juventud y se respete su participaci\xc3\xb3n especialmente si son talento art\xc3\xadstico nacional.'
327761303991111680,2013-04-26 12:29:19,"b'Reafirmo mi respeto por la libertad de expresi\xc3\xb3n y mi compromiso por mayor participaci\xc3\xb3n de todos en acceder a los medios de comunicaci\xc3\xb3n,'"
327600187231059968,2013-04-26 01:49:05,b'Compatriotas hoy a las 9pm en cadena nacional haremos un importante anuncio en materia de seguridad.'
327511309857980417,2013-04-25 19:55:56,b'En dialogos con productores agroindustriales. http://t.co/qeGVriJaBe'
327237008315539456,2013-04-25 01:45:57,b'Les reiteramos a nuestros compatriotas que tengan la garant\xc3\xada de que daremos respuesta a sus necesidades.'
327236916992933889,2013-04-25 01:45:35,"b'Tambi\xc3\xa9n en San Juan Pueblo y me reun\xc3\xad con pobladores y autoridades de Esparta, La Masica y Arizona por movimientos tel\xc3\xbaricos que les afect\xc3\xb3.'"
327235077534801920,2013-04-25 01:38:16,b'Tengo un agradecimiento profundo y respeto que le debemos a una generaci\xc3\xb3n que ayer nos ense\xc3\xb1aron y formaron como hombres y mujeres de bien.'
327234966545104896,2013-04-25 01:37:50,b'Hoy estuve en Santa Rosa de Cop\xc3\xa1n entregando alimentos solidarios al adulto mayor.'
327062197094187009,2013-04-24 14:11:18,b'Hoy estare con ustedes en Atl\xc3\xa1ntida para darles el apoyo que necesiten.'
327062071604834306,2013-04-24 14:10:49,b'Lamento mucho lo que est\xc3\xa1n pasando mis compatriotas del departamento de Atl\xc3\xa1ntida por la cadena de movimientos tel\xc3\xbaricos que los ha afectado'
326784323296579584,2013-04-23 19:47:08,b'Entregando computadoras en Intibuc\xc3\xa1 http://t.co/gsCvvR0SfR'
325397420953444353,2013-04-19 23:56:05,b'6pm: El Consejo Nacional de Defensa y Seguridad leer\xc3\xa1 un comunicado importante con respecto a los deplorables hechos suscitados el d\xc3\xada ayer.'
325318233538301953,2013-04-19 18:41:25,"b'RT @JuanOrlandoH: Propondremos un fideicomiso para la familia de Orlan Chavez, con fondos de la tasa de seguridad.'"
325318152776982529,2013-04-19 18:41:06,b'RT @JuanOrlandoH: Lamento el vil asesinato del Fiscal Orlan Chavez. Pedir\xc3\xa9  al Consejo de Defensa y Seguridad un equipo de investigaci\xc3\xb3n pa\xe2\x80\xa6'
324523164711415811,2013-04-17 14:02:06,b'Quiero informar que he dado la orden a las FFAA para que ma\xc3\xb1ana se reactive dicha medida y regresen los militares a los buses.'
324522964085248002,2013-04-17 14:01:18,"b'El pueblo tiene raz\xc3\xb3n, la medida de militares en los buses nunca debi\xc3\xb3 suspenderse. Dejo claro que se suspendi\xc3\xb3 sin ninguna justificaci\xc3\xb3n.'"
324513467216322560,2013-04-17 13:23:34,b'Felicito al Congreso Nacional por la reforma aprobada para controlar medidas sustitutivas y cerrar puertas de escape para los delincuentes.'
323907660070141953,2013-04-15 21:16:18,b'RT @ReinaldoHN: As\xc3\xad c\xc3\xb3mo importantes cambios dentro del gabinete'
323907633364996098,2013-04-15 21:16:12,"b'RT @ReinaldoHN: Anunciare retiro del Gobierno como Ministro Secretario Privado del Presidente, agradecido siempre x el alto honor que me ...'"
323907598824927232,2013-04-15 21:16:04,b'RT @ReinaldoHN: A las 4 pm har\xc3\xa9 comparecencia de prensa'
323592054825418752,2013-04-15 00:22:12,b'Felicidades a la Sub 17 por ese gran partido! Gracias por poner el nombre de Honduras muy en alto.'
323188512167952384,2013-04-13 21:38:40,b'Con mi amigo To\xc3\xb1o Canales y su hijo Aaron hoy en el barrio san Antonio de Siguatepeque http://t.co/ZuCtiiiatD'
323180995027279872,2013-04-13 21:08:48,"b'Hoy entregamos 5000 computadoras en Siguatepeque, ya son m\xc3\xa1s de 30,000 ni\xc3\xb1@s beneficiados. http://t.co/q05JmlHa52'"
322082329826824192,2013-04-10 20:23:06,"b'Amigas y amigos, les comparto el comunicado que realizo COMTELCA sobre la Ley de Telecomunicaciones http://t.co/SYQVlmVXV3'"
319953328576552962,2013-04-04 23:23:12,b'Con mi peque\xc3\xb1o amiguito hoy en en El Pedregal! http://t.co/6akyYvcQJC'
319788192238800896,2013-04-04 12:27:01,b'... Ya que todos ellos trabajan arduamente para sostener a sus familias en Honduras! No dejemos que nos roben la esperanza.'
319787605933826048,2013-04-04 12:24:41,b'Agradecemos al pueblo y Gobierno de Estados Unidos por ampliar el Estatus de Protecci\xc3\xb3n Temporal (TPS) a mas de 65 mil hondure\xc3\xb1os...'
319256023091261440,2013-04-03 01:12:22,"b'Reitero mi total respaldo al General Juan Carlos Bonilla, que con el Ministro Pompeyo Bonilla, luchamos por la seguridad de nuestro pueblo.'"
319139826056167425,2013-04-02 17:30:38,b'Esto es lo que ellos defienden. El gobierno no est\xc3\xa1 en contra de la libertad de expresi\xc3\xb3n.'
319139361318916097,2013-04-02 17:28:47,b'Todo para obtener muchos beneficios especiales o exoneraciones fiscales. Esto les ha permitido amasar fortunas en detrimento del pueblo.'
319139054056783875,2013-04-02 17:27:34,b'En este y en otro tipo de medios las concentraciones se usan para hacer competencia desleal a otras empresas y presionar a los gobiernos.'
319138357382885376,2013-04-02 17:24:48,b'Esto representa casi el 50% del total de licencias otorgadas.'
319138215070162944,2013-04-02 17:24:14,"b'Hablando de la ley de Telecomunicaciones, si bien CONATEL ha adjudicado 322 licencias para TV, 132 est\xc3\xa1n concentradas en manos de 4 grupos.'"
318923202078334976,2013-04-02 03:09:51,"b'41% menos atentados contra la vida, 56% menos accidentes de tr\xc3\xa1nsito, el plan ""verano seguro"" fue un \xc3\xa9xito este a\xc3\xb1o. http://t.co/mVzr3T1bF0'"
318923012617412608,2013-04-02 03:09:06,"b'Estoy muy satisfecho con la labor de la polic\xc3\xada, bomberos, FFAA y voluntarios este verano 2013. Felicidades! Que no se pierda la esperanza!'"
318788694251302912,2013-04-01 18:15:22,"b'Avisamos a los beneficiarios de las exoneraciones que no se presentaron en tiempo y de acuerdo a la ley,que ya no podr\xc3\xa1n hacer uso de ellas.'"
318788185146667010,2013-04-01 18:13:20,b'Agradecemos a la Comisi\xc3\xb3n de exoneraciones por su arduo trabajo.'
318716069336449024,2013-04-01 13:26:47,"b'... Las cifras lo demuestran, gracias por hacer de verdad un verano seguro.'"
318715940390985728,2013-04-01 13:26:16,b'Felicito a la Comisi\xc3\xb3n nacional prevenci\xc3\xb3n de accidentes (CONAPRA) por la excelente labor que hicieron en Semana Santa...'
318452197446795264,2013-03-31 19:58:15,"b'... Y ademas se fortalezca la esperanza de vivir en paz y tranquilidad, feliz domingo de resurrecci\xc3\xb3n!'"
318452008929599488,2013-03-31 19:57:30,"b'Con la resurrecci\xc3\xb3n de nuestro Se\xc3\xb1or Jesucristo, nazcan nuevas fuerzas en nuestros corazones...'"
318089278812983296,2013-03-30 19:56:08,"b'Semana Santa esta por culminar, que no se empa\xc3\xb1e por un accidente.  Con precauci\xc3\xb3n, los accidentes pueden prevenirse. Feliz regreso a casa!'"
316965173552361474,2013-03-27 17:29:20,"b'En el deporte se gana y se pierde\xe2\x80\xa6la que nunca se debe perder es la voluntad de triunfar, que no nos roben la esperanza, adelante selecci\xc3\xb3n!'"
316742178674188288,2013-03-27 02:43:14,"b'Vamos todos con la H! Vamos muchachos, confiamos en que har\xc3\xa1n su mejor esfuerzo, dar\xc3\xa1n lo mejor en la cancha, s\xc3\xad podemos, claro que podemos!'"
316626510368866305,2013-03-26 19:03:37,b'...Todo para restablecer la tranquilidad y las necesidades de las personas afectadas por las fuertes lluvias.'
316626446456070144,2013-03-26 19:03:22,"b'He instruido equipos de auxilio, cooperaci\xc3\xb3n y de servicios p\xc3\xbablicos\npara que unan esfuerzos...'"
316352837271580673,2013-03-26 00:56:08,"b'El gobierno, por medio de los Bomberos,COPECO, Las Fuerzas Armadas y Banasupro, est\xc3\xa1 y seguir\xc3\xa1 atendiendo las familias afectadas.'"
316352555984764928,2013-03-26 00:55:01,b'Lamentamos enormemente el sufrimiento provocado a las familias capitalinas por las fuertes tormentas...'
315241600026554369,2013-03-22 23:20:29,"b'Adelante Selecci\xc3\xb3n, aunque el camino se miraba dif\xc3\xadcil, demostramos que cuando los Catrachos queremos, podemos... \xc2\xa1Claro que podemos!'"
314890182568595458,2013-03-22 00:04:04,b'Recordemos que la justicia es crear oportunidades para cada uno de los hondure\xc3\xb1os! Qu\xc3\xa9 no nos roben la esperanza.'
314889985578897408,2013-03-22 00:03:17,b'Hoy a las 6:15 PM presentamos la reforma a la Ley de marco de las telecomunicaciones al soberano Congreso Nacional.'
314423093969973250,2013-03-20 17:08:01,"b'Adem\xc3\xa1s, les aseguro que incorporaremos otros productos que deben estar incluidos porque son una verdadera necesidad de los m\xc3\xa1s pobres.'"
314422792147828736,2013-03-20 17:06:50,b'Garantizo a mi pueblo que ning\xc3\xban producto de la canasta b\xc3\xa1sica pagar\xc3\xa1 impuestos.Qu\xc3\xa9 no los enga\xc3\xb1en los qu\xc3\xa9 juegan con el estomago del pueblo'
314089228000694272,2013-03-19 19:01:22,b'Felicito a todos los padres Hondure\xc3\xb1os en su d\xc3\xada y los invito a seguir luchando por un mejor futuro para los ni\xc3\xb1os y ni\xc3\xb1as de nuestro pa\xc3\xads.'
311930168866402304,2013-03-13 20:02:02,"b'Francisco I es el encargado de llevar el mensaje de Paz y amor por el mundo, Dios lo ilumine y bendiga!'"
311930085705932800,2013-03-13 20:01:42,"b'Hoy es un d\xc3\xada de jubilo para la Feligres\xc3\xada Cat\xc3\xb3lica ""Habemus Papam!"" Por primera vez Latinoamericano, Francisco I\xe2\x80\xa6'"
311662772402405376,2013-03-13 02:19:30,b'Mi mensaje al pueblo hondure\xc3\xb1o: https://t.co/bu21jh9qlI'
311116910123175937,2013-03-11 14:10:26,b'Al medio d\xc3\xada tendr\xc3\xa9 una comparecencia ante medios de comunicaci\xc3\xb3n en Casa Presidencial para informar a la poblaci\xc3\xb3n de temas importantes.'
310137448330039296,2013-03-08 21:18:24,"b'... para construir un mejor futuro para nuestro Pa\xc3\xads, No permitamos que nos roben la esperanza.'"
310137208210354178,2013-03-08 21:17:27,"b'Felicidades hoy en su D\xc3\xada, a las mujeres luchadoras, llenas de esperanza y optimismo, que trabajan d\xc3\xada a d\xc3\xada...'"
309822208044322816,2013-03-08 00:25:45,"b'Esta reforma de ley traer\xc3\xa1 alivio a miles de usuarios a nivel nacional. Adelante hondure\xc3\xb1os, que no nos roben la esperanza.'"
309822041668861952,2013-03-08 00:25:05,b'Felicito al Congreso Nacional por haber aprobado con firmeza las reformas de la ley de tarjetas de cr\xc3\xa9dito. No m\xc3\xa1s cobros abusivos a nadie.'
309357223757348865,2013-03-06 17:38:04,"b'El Consejo Nacional de Defensa y Seguridad, conscientes de la extorsi\xc3\xb3n o impuesto de guerra, ha creado la Fuerza Nacional AntiExtorsi\xc3\xb3n FNA'"
309129998827139072,2013-03-06 02:35:09,b'... el cual en vida luch\xc3\xb3 por la integraci\xc3\xb3n de los pueblos latinoamericanos y la justicia social.'
309129897643745280,2013-03-06 02:34:45,b'Mi m\xc3\xa1s sincero p\xc3\xa9same al pueblo venezolano por el fallecimiento de su presidente Hugo Ch\xc3\xa1vez...'
308976648668196865,2013-03-05 16:25:48,b'Mujeres de coraje de EUA Aqu\xc3\xad la informaci\xc3\xb3n del evento http://t.co/BoTAh1uWSW\n #IWOC'
308975549982859265,2013-03-05 16:21:26,b'Felicito muy orgullosamente a Julieta Castellanos por recibir el premio mujeres de coraje del gobierno de EUA por grandes logros y luchas!'
307711626226835456,2013-03-02 04:39:03,b'Felicito a Fundaci\xc3\xb3n Cristo del Picacho por tan bella actividad!'
307711542730846208,2013-03-02 04:38:43,b'Disfrutando de los talentos de nuestra patria en el Orgullo de lo nuestro! http://t.co/6e9qJwOGIv'
307476239541747712,2013-03-01 13:03:42,b'Seguiremos adelante con la depuraci\xc3\xb3n de la polic\xc3\xada nacional. Que no nos roben la esperanza los hondure\xc3\xb1os s\xc3\xad podemos.'
307475883520835584,2013-03-01 13:02:17,b'Con la decisi\xc3\xb3n del pleno de la corte suprema se demuestra voluntad de los poderes del estado de fortalecer la seguridad de nuestro pa\xc3\xads.'
307146565708034048,2013-02-28 15:13:42,"b'No dejemos que nos roben la esperanza, los Hondure\xc3\xb1os s\xc3\xad podemos, claro que podemos, adelante alcalde Cano!'"
307123114754580480,2013-02-28 13:40:31,"b'Felicito al alcalde Carlos Cano, por su gran labor en el tema de seguridad en Campamento, Olancho. Lo apoyaremos para que siga adelante.'"
306747566358401025,2013-02-27 12:48:13,"b'El Partido Nacional a sus 111 a\xc3\xb1os de fundaci\xc3\xb3n y lucha por una Honduras con Justicia Social, con Democracia... Felicidades!'"
306746979969556480,2013-02-27 12:45:53,"b'Quiero felicitar a mi Partido,partido de la apertura, cambio y transformaci\xc3\xb3n, el gran Partido Nacional de Honduras.'"
303570266339037185,2013-02-18 18:22:46,"b'Continuamos firmes contra quienes quieren quitar la tranquilidad de nuestro pueblo, que no nos roben la esperanza. Los Hondure\xc3\xb1os podemos!'"
303569087542460416,2013-02-18 18:18:05,"b'Lamento lo sucedido al General Ram\xc3\xadrez del Cid, por la irreparable perdida de su peque\xc3\xb1o en manos de personas sin escr\xc3\xbapulos.'"
302516263513620481,2013-02-15 20:34:32,b'Reafirmo mi compromiso de seguir impulsando firmemente este proceso.'
302516152389734400,2013-02-15 20:34:05,b'Quiero agradecer a todos los sectores que participaron hoy en el gran dialogo por la democratizaci\xc3\xb3n e inclusi\xc3\xb3n de las Telecomunicaciones.'
302180366775644162,2013-02-14 22:19:48,"b'Lleg\xc3\xa1remos a m\xc3\xa1s de 50,000 nin@s, con Educatrachos, queda mucho por hacer, recuerda que no nos roben la esperanza. http://t.co/43VD8BhO'"
302123662046277632,2013-02-14 18:34:28,"b'Pensemos en Honduras, hay buenas noticias todos los d\xc3\xadas. No permitamos que nos roben la esperanza porque juntos si podemos.'"
302123065402335232,2013-02-14 18:32:06,b'La Embajada Americana muy responsablemente han desmentido esta tendenciosa y falsa noticia.'
302122557199499264,2013-02-14 18:30:05,b'Aqu\xc3\xad la imagen. http://t.co/SibdKBX6'
302122216471019520,2013-02-14 18:28:44,b'Porque quieren seguir ensuciando la imagen de mi pa\xc3\xads?El Heraldo hizo una publicaci\xc3\xb3n sin confirmar la informaci\xc3\xb3n con la Embajada Americana'
302121005483171841,2013-02-14 18:23:55,b'Hondure\xc3\xb1os ser\xc3\xa1 que algunos utilizan medios para defender sus negocios como Jorge Canahuati est\xc3\xa1n molestos por revisi\xc3\xb3n las exoneraciones?'
299304768025817089,2013-02-06 23:53:12,b'Excelente la H! http://t.co/DfKe3KuY'
299290881045979136,2013-02-06 22:58:01,"b'Gracias a la H por ese regalo, cuando los Catrachos queremos, podemos. Que no nos roben la esperanza, vamos adelante!'"
299213473592799232,2013-02-06 17:50:25,"b'Adelante selecci\xc3\xb3n, con esfuerzo y decisi\xc3\xb3n, demostremos que cuando los Catrachos queremos, podemos, todos a apoyar la apoyar la H!'"
298076099294945280,2013-02-03 14:30:54,"b'Alegres celebramos 266 a\xc3\xb1os de hallazgo Virgen de Suyapa, Honduras llena de j\xc3\xbabilo y con devoci\xc3\xb3n pide contin\xc3\xbaes derramando mucha bendici\xc3\xb3n'"
296615950323679232,2013-01-30 13:48:48,b'Quiero agradecer a @BarackObama y a los congresistas Republicanos y Dem\xc3\xb3cratas que impulsan la reforma que apoyar\xc3\xa1 nuestros Hnos. migrantes'
295578670536470528,2013-01-27 17:07:01,"b'Brasil, pedimos a Dios por las almas de las m\xc3\xa1s de 200 personas que perdieron la vida en el siniestro de esta madrugada.'"
295578180092309505,2013-01-27 17:05:04,"b'Quiero, en nombre del pueblo Hondure\xc3\xb1o, solidarizarme con el hermano pueblo de Brasil que pasa por un momento de luto y Dolor.'"
295210415200292864,2013-01-26 16:43:42,b'IV Cumbre Empresarial CELAC-UE http://t.co/0UphleuS'
294943719327690752,2013-01-25 23:03:57,b'Adelante selecci\xc3\xb3n demostremos la garra catracha con orgullo y demostremos que s\xc3\xad podemos!!!'
294860732753903617,2013-01-25 17:34:11,b'No dejemos que nos roben la esperanza.'
294858887767678976,2013-01-25 17:26:51,"b'Debemos tener fe,\nAlgunos se afanan en mantener la creencia de que no podemos pero si podemos. Honduras somos todos y saldremos adelante'"
294793664201363456,2013-01-25 13:07:41,"b'Mis m\xc3\xa1s sinceras felicitaciones a Uds. mujeres que, con amor y esfuerzo, luchan por salir adelante\nFelicidades mujeres Hondure\xc3\xb1as en su d\xc3\xada!'"
293758417657544704,2013-01-22 16:33:59,"b'Querido pueblo,de momento, no nos hemos referido a los medios de comunicaci\xc3\xb3n, por que est\xc3\xa1n tan enojados los grupos que los monopolizan?'"
293757837182652416,2013-01-22 16:31:40,"b'Ha iniciado la revisi\xc3\xb3n de las exoneraciones, exenciones y franquicias. Son m\xc3\xa1s L60 mil millones que el estado ha dado en los \xc3\xbaltimos 6 a\xc3\xb1os'"
293487104422465536,2013-01-21 22:35:53,b'Datos oficiales: m\xc3\xa1s de L.10 mil millones anuales no se perciben. La comisi\xc3\xb3n revisar\xc3\xa1 si cumplen la funci\xc3\xb3n para lo cual fueron creadas.'
293486207764140032,2013-01-21 22:32:19,b'Quiero felicitar y agradecer al Congreso Nacional por aprobar la iniciativa que revisa TODAS las exoneraciones.'
291167387946979328,2013-01-15 12:58:09,"b'Sigan adelante, transformandose y mejorando cada vez para servir mejor. Feliz aniversario Policia Nacional!!!'"
291167130278318080,2013-01-15 12:57:08,b'Quiero felicitar a los hombres y mujeres que conforman la gran institucion que por 131 a\xc3\xb1os ha servido y protegido al pueblo hondure\xc3\xb1o.'
289782928723034112,2013-01-11 17:16:48,b'Es doloroso que al qu\xc3\xa9 realmente trabaja se le quite su medio de vida.'
289782835504640001,2013-01-11 17:16:26,"b'Ante los despidos masivos, para estar seguro de que no se cometan injusticias, estoy firmando un decreto.'"
286298262154125314,2013-01-02 02:29:59,b'Por su gran entrega y labor en los operativos de Navidad Segura y por luchar d\xc3\xada a d\xc3\xada por mejorar la seguridad de nuestra querida Honduras.'
286297988228321281,2013-01-02 02:28:54,"b'Quiero felicitar a General Juan Carlos Bonilla, General Rene Osorio y los Hombres y Mujeres que forman la Polic\xc3\xada Nacional y Fuerzas Armadas'"
285948488519393280,2013-01-01 03:20:06,b'Mi deseo es que la paz y prosperidad este presente en sus hogares hoy y siempre. Dios los bendiga mis queridos Hondure\xc3\xb1os! Feliz a\xc3\xb1o nuevo!'
285945620424978432,2013-01-01 03:08:43,b'Hoy nos despedimos de 2012 con muchas lecciones y retos para 2013 Siempre unidos y tratar de Salir adelante y luchar por un pa\xc3\xads 5 estrellas'
284084649418964992,2012-12-26 23:53:53,b'Aqu\xc3\xad les dejo otra imagen del proyecto que ayuda al adulto mayor. http://t.co/F3JFrt2Y'
284084113806352384,2012-12-26 23:51:45,b'Alimento solidario para el adulto mayor ya es una realidad! http://t.co/X7a2VBpJ'
283937993893490690,2012-12-26 14:11:07,"b'Este programa consiste en una bolsa de alimento mensual... reitero, mi compromiso es con los sectores m\xc3\xa1s pobres y m\xc3\xa1s vulnerables.'"
283937389552992257,2012-12-26 14:08:43,"b'Hoy a las 10am iniciamos el programa de solidaridad m\xc3\xa1s grande de la historia de Honduras, Alimento solidario para el adulto mayor.'"
283393940873424898,2012-12-25 02:09:15,"b'FELIZ NAVIDAD mis queridos CATRACHOS, Dios Los Bendiga siempre.'"
283393883168190467,2012-12-25 02:09:01,b'No ha sido f\xc3\xa1cil pero en esta temporada Navide\xc3\xb1a podemos unirnos mas para que el pr\xc3\xb3ximo a\xc3\xb1o juntos sigamos la lucha en busca de prosperidad'
283393528770478080,2012-12-25 02:07:37,b'As\xc3\xad como Jesus naci\xc3\xb3 en un pesebre que nazca en tu coraz\xc3\xb3n y que la estrella que gui\xc3\xb3 los reyes magos gu\xc3\xade tu vida por el camino del bien!'
283242826408542208,2012-12-24 16:08:46,b'Que esta noche de paz sea tan s\xc3\xb3lo el comienzo de un a\xc3\xb1o pleno de esperanzas y alegr\xc3\xadas. Feliz navidad Hermanos y Hermanas Hondure\xc3\xb1os!'
283242711828537344,2012-12-24 16:08:19,"b'El mejor adorno de navidad es una gran sonrisa pura y sincera, Hermanos Hondure\xc3\xb1os\nla venida de Jes\xc3\xbas, es un grito de vida y de esperanza!'"
282276957767479296,2012-12-22 00:10:45,b'La polic\xc3\xada siempre sirviendo y protegiendo a nuestra poblaci\xc3\xb3n.'
282276759532105730,2012-12-22 00:09:58,b'Quiero felicitar al Director General Bonilla y a todos los oficiales que recibieron su muy merecido ascenso por su gran labor en la polic\xc3\xada.'
279787891452948481,2012-12-15 03:20:06,"b'Mi solidaridad y condolencias al pueblo y Gob. de Estados Unidos por la tragedia en Connecticut, Dios les de mucha fuerza a los familiares.'"
278523736884400129,2012-12-11 15:36:48,b'Felicidades a esa radio emisora con Tecnolog\xc3\xada de punta llegando a los hondure\xc3\xb1os y hondure\xc3\xb1as a nivel nacional e internacional.'
278523564267810816,2012-12-11 15:36:07,b'Quiero felicitar a Don Alejandro Villatoro y familia en especial a mi amiguita Cielo Bettel por celebrar hoy 13 aniversario de Radio Globo.'
277051587598381056,2012-12-07 14:07:00,b'Extiendo esta felicitaci\xc3\xb3n al Doctor Andonie Fernandez y familia quienes han sido basti\xc3\xb3n de este importante medio de comunicaci\xc3\xb3n Nacional'
277051304226996224,2012-12-07 14:05:52,b'Felicidades Radio Am\xc3\xa9rica por su 64 aniversario por ser voz informativa del pueblo.'
276725455825010688,2012-12-06 16:31:04,b'El Estado es un orden establecido por Dios para impartir justicia y la ley se deriva de la justicia.'
276725242091675648,2012-12-06 16:30:13,"b'La decisi\xc3\xb3n de 4/5 Magistrados de la Sala de lo Constitucional ayuda los malos y afecta los buenos,ayuda al victimario y afecta las v\xc3\xadctimas'"
276724353679380481,2012-12-06 16:26:41,"b'""5 Por lo cual es necesario estarle sujetos, no solamente por raz\xc3\xb3n del castigo, sino tambi\xc3\xa9n por causa de la conciencia.""'"
276723623342010368,2012-12-06 16:23:47,"b'""Porque no en vano lleva la espada, pues es servidor de Dios, vengador para castigar al que hace lo malo.""'"
276722335216705537,2012-12-06 16:18:40,"b'""Haz lo bueno, y tendr\xc3\xa1s alabanza de ella;\n4 porque es servidor de Dios para tu bien. Pero si haces lo malo, teme; ""'"
276721079731486721,2012-12-06 16:13:41,"b'Romanos 13 \n""3 Porque los magistrados no est\xc3\xa1n para infundir temor al que hace el bien, sino al malo.\xc2\xbfQuieres, pues, no temer la autoridad?""'"
274507309047230464,2012-11-30 13:36:57,b'Y adem\xc3\xa1s seguiremos luchando por reducir el gasto p\xc3\xbablico en todo lo que se pueda hasta llegar al m\xc3\xadnimo posible.'
274506123938242560,2012-11-30 13:32:14,b'Como gobierno del humanismo cristiano nos comprometemos a no tocar ningun empleado p\xc3\xbablico que cumpla al 100% con su deber con Honduras'
274505331177046016,2012-11-30 13:29:05,"b'Lucharemos contra la evasi\xc3\xb3n fiscal, revisaremos temas como las exoneraciones que siguen haciendo ricos a los ricos y pobres a los pobres'"
273498309996445696,2012-11-27 18:47:33,"b'EITI es vital, porque el desarrollo de los recursos naturales requiere la plena transparencia, para el bien del pa\xc3\xads http://t.co/nFqDdg1d'"
270208988715548672,2012-11-18 16:56:57,b'Estoy satisfecho de como se est\xc3\xa1n llevando a cabo las elecciones internas.'
264086294961995776,2012-11-01 19:27:33,"b'Felicidades HRN por su 79 aniversario de fundaci\xc3\xb3n, siendo siempre una de las radios mas escuchadas y respetadas a nivel nacional!'"
261826735870472192,2012-10-26 13:48:52,"b'Vamos adelante con la depuraci\xc3\xb3n policial, respetando la ley. La seguridad para mi pueblo siempre ha sido y seguir\xc3\xa1 siendo mi compromiso.'"
259290507874795521,2012-10-19 13:50:49,b'La decisi\xc3\xb3n de la CSJ ha privado a miles la oportunidad de un empleo. Haciendo mas de lo mismo seguiremos con los mismos resultados...'
259289358044106752,2012-10-19 13:46:14,b'Empleo es lo que mi pueblo necesita y eso solo se logra atrayendo inversi\xc3\xb3n.'
258292786460229632,2012-10-16 19:46:13,"b'Vamos Catrachos, demostremos que la H si puede, apoyemos a nuestros hermanos de la selecci\xc3\xb3n Hondure\xc3\xb1a! \xc2\xa1Estamos a 3 puntos de la hexagonal!'"
256929408798056448,2012-10-13 01:28:39,"b'\xc2\xa1Vamos Catrachos, todos con la H! \xc2\xa1Ya hemos demostrado, que unidos cuando sacamos la garra catracha, salimos adelante!'"
254566847066812416,2012-10-06 13:00:40,b'En este momento instruir\xc3\xa9 al equipo de gobierno que inicie labores y as\xc3\xad buscar la salida que mas beneficie al pueblo hondure\xc3\xb1o.'
254566576437739520,2012-10-06 12:59:36,"b'Interesante la propuesta de fusionar Banasupro con el IHMA, pero con participaci\xc3\xb3n de las organizaciones de consumidores y centrales obreras'"
253863899743547392,2012-10-04 14:27:24,"b'...Me reunir\xc3\xa9 con los empresarios, trabajadores y consumidores para que juntos encontremos una salida para el abuso de los precios.'"
253863617617874944,2012-10-04 14:26:17,"b'Estoy consciente que el alto costo de la canasta b\xc3\xa1sica tiene abrumado al pueblo hondure\xc3\xb1o, es por eso que hoy a las 430 pm en la SIC'"
251529113200893952,2012-09-28 03:49:48,b'Decisi\xc3\xb3n tomada en reuni\xc3\xb3n del Consejo Nacional de Defensa y Seguridad.'
251528815946371074,2012-09-28 03:48:37,b'Informo a los ciudadanos para que tengan mas tranquilidad y seguridad. Advierto a los criminales que la fuerza se va contestar con la fuerza'
251528446222663680,2012-09-28 03:47:09,b'En las rutas de transporte p\xc3\xbablico con mas niveles de delincuencia habr\xc3\xa1 efectivos armados para defender los ciudadanos.'
251528120157478912,2012-09-28 03:45:51,"b'Quiero anunciar que ma\xc3\xb1ana a partir de las 6 am, el gobierno intensificar\xc3\xa1 la seguridad p\xc3\xbablica en la Capital.'"
246969302039814144,2012-09-15 13:50:44,"b'15 de Septiembre, Sint\xc3\xa1monos m\xc3\xa1s orgullosos que nunca de ser catrachos, viva la independencia, viva la Rep\xc3\xbablica, Honduras nuestro gran pa\xc3\xads'"
245545885168185344,2012-09-11 15:34:35,"b'Ganamos en Cuba. Hoy gan\xc3\xa1remos en Nuestra en tierra, adelante selecci\xc3\xb3n, saquemos la garra catracha, vamos a Brasil 2014.'"
244114341371211776,2012-09-07 16:46:09,"b'Lleg\xc3\xb3 el momento de sacar la garra catracha\xe2\x80\xa6 \xc2\xa1Hondure\xc3\xb1os, toda nuestra fuerza con la selecci\xc3\xb3n!'"
240610783405412352,2012-08-29 00:44:15,"b'Con el respaldo del pueblo, nuestro gobierno seguir\xc3\xa1 por la ruta del cambio. \xc2\xa1Adelante, Honduras, adelante!'"
240610447882084354,2012-08-29 00:42:55,"b'Nuestra meta es mejorar la atenci\xc3\xb3n al p\xc3\xbablico y poner fin a la falta de medicamentos, de equipo, la mala gesti\xc3\xb3n y la corrupci\xc3\xb3n sobretodo.'"
240610167002112001,2012-08-29 00:41:48,b'Estamos viendo resultados... destapando una negra realidad con la compra de medicamentos -\xc3\xbanicamente as\xc3\xad se lograr\xc3\xa1n los cambios reales-'
240609467455127553,2012-08-29 00:39:02,"b'La decisi\xc3\xb3n de intervenir Hospital Escuela, de traspasar el mando al UNAH despert\xc3\xb3 reacciones fuertes. Reclamaban: \xe2\x80\x9c\xc2\xa1Otro bombazo mas!\xe2\x80\x9d'"
240608997420453888,2012-08-29 00:37:09,"b'Hace 6 semanas, tomamos acciones para llegar al fondo de los problemas de Hospital Escuela -algo qu\xc3\xa9 ning\xc3\xban gobierno anterior hab\xc3\xada hecho-'"
240499461082710016,2012-08-28 17:21:55,b'Gran lecci\xc3\xb3n de oratoria en lengua Pech. http://t.co/2iNTMSAI'
238059561670553601,2012-08-21 23:46:37,"b'Vale repetir las buenas noticias: Con mas seguridad, hay mas turismo; Con mas turismo, hay mas empleo. \xc2\xa1Adelante, Honduras! \xc2\xa1Sigamos as\xc3\xad!'"
238058819815604224,2012-08-21 23:43:40,b'Mas de 16 mil turistas salvadore\xc3\xb1os disfrutaron de sus vacaciones de agosto en Honduras. No tuvieron ning\xc3\xban incidente de inseguridad. Cero!'
236207784478244864,2012-08-16 21:08:19,b'No digo m\xc3\xa1s. El anuncio vendr\xc3\xa1 de mi nuevo secretario de finanzas.'
236207613866557441,2012-08-16 21:07:38,b'Un gran salto adelante para que nuestras instituciones tengan una gesti\xc3\xb3n t\xc3\xa9cnica y no pol\xc3\xadtica.'
236207461328121857,2012-08-16 21:07:01,b'Un golpe en contra la defraudaci\xc3\xb3n y corrupci\xc3\xb3n. Un golpe a favor de la transparencia.'
236206671649701888,2012-08-16 21:03:53,"b'Les dije que la cosa no termina aqu\xc3\xad. Hoy, en consejo de ministros viene otro bombazo m\xc3\xa1s.'"
235567214319783936,2012-08-15 02:42:55,b'La Polic\xc3\xada Nacional tiene \xc3\xb3rdenes y la obligaci\xc3\xb3n de aplicar la ley a todo ciudadano por igual. No hay excepciones.'
229689709058736128,2012-07-29 21:27:48,"b'\xe2\x80\xa6Los hondure\xc3\xb1os todos juntos queremos, podemos!'"
229689575751184384,2012-07-29 21:27:16,"b'Me comunique con el Presidente Callejas, para felicitar a los entrenadores y jugadores de la sub23, la cual nos ha demostrado hoy que cuando'"
228248298971099138,2012-07-25 22:00:09,"b'Con esto hemos llegado a 39,074 bonos entregados en el departamento de Lempira.'"
228248105735315456,2012-07-25 21:59:23,b'Ma\xc3\xb1ana estar\xc3\xa9 en la Iguala Lempira cumpliendo con nuestra promesa con los mas pobres. Ya llevando el bono 10mil a mas de 1400 familias'
227553225849597952,2012-07-23 23:58:11,"b'Entrando en detalle, el CN autorizar\xc3\xa1 un fideicomiso transitorio del BCH para el uso de los recursos de la Tasa de Seguridad.'"
227552925893939201,2012-07-23 23:56:59,b'En consenso Consejo Nacional de Defensa y Seguridad y Comit\xc3\xa9 T\xc3\xa9cnico: ma\xc3\xb1ana el CN autoriza fideicomiso para el uso de la tasa de seguridad.'
225645082668306432,2012-07-18 17:35:54,b'Seguimos creando oportunidades para la juventud. Hoy entregamos 5 millones y medio de lempiras para capacitaci\xc3\xb3n.'
223796268076515329,2012-07-13 15:09:22,"b'Qui\xc3\xa9n se puede oponer al verdadero acceso a la salud p\xc3\xbablica para los mas pobres, por eso la decisi\xc3\xb3n del Hospital Escuela es irreversible.'"
222727928079859713,2012-07-10 16:24:10,b'Todo es para garantizar el acceso de todos al primer centro asistencial del pa\xc3\xads'
222727268508770304,2012-07-10 16:21:33,b'La administraci\xc3\xb3n pasa a manos de la instituci\xc3\xb3n que tiene la mayor\xc3\xada de los profesionales mas preparados en salud del pa\xc3\xads: la UNAH'
222726626729918464,2012-07-10 16:19:01,b'Consejo de ministros donde se est\xc3\xa1n aprobando las profundas reformas al sistema de salud. http://t.co/cXnfuXbF'
222725174120816641,2012-07-10 16:13:14,b'Un m\xc3\xa9dico presencial en cada uno de los m\xc3\xa1s de mil centros de salud a nivel nacional'
222724795278692352,2012-07-10 16:11:43,"b'Hoy iniciamos la ruta para el verdadero acceso de los mas pobres a la salud p\xc3\xbablica, algo anhelado por el pueblo hondure\xc3\xb1o'"
221395862272749569,2012-07-07 00:11:01,b'As\xc3\xad vamos adelante! Cumpliendo el compromiso.'
221395491668230144,2012-07-07 00:09:33,"b'Ma\xc3\xb1ana alcanzaremos 40,000 t\xc3\xadtulos de propiedad entregados en mi gobierno. Voy a Choluteca ma\xc3\xb1ana para entregar t\xc3\xadtulos a 500 familias m\xc3\xa1s.'"
219437173110349824,2012-07-01 14:27:54,"b'Este ejemplo de unidad debe llegar hasta la base. Por nuestro partido y por Honduras. Adelante l\xc3\xadderes, adelante. http://t.co/nUd7PVit'"
218781277770354688,2012-06-29 19:01:36,b'Con \xc3\xa9xito y de manera un\xc3\xa1nime los 8 ministros de Industria y Comercio de SICA acordaron la incorporaci\xc3\xb3n de Panam\xc3\xa1 al SIECA'
215982883276460032,2012-06-22 01:41:46,"b'Adem\xc3\xa1s, en capacitaci\xc3\xb3n, formaci\xc3\xb3n de nuevos polic\xc3\xadas y finalmente en proyectos de municipios seguros.'"
215982477817294848,2012-06-22 01:40:10,b'En materia de seguridad los fondos ser\xc3\xa1n invertidos en \xc3\xa1reas como la investigaci\xc3\xb3n criminal para acabar con la impunidad en nuestro pa\xc3\xads.'
215898273754529793,2012-06-21 20:05:34,b'Las organismos internacionales est\xc3\xa1n validando la efectividad de los programas sociales del gobierno de Honduras. El pueblo gana.'
215897881977176064,2012-06-21 20:04:00,"b'Gracias a la reconciliaci\xc3\xb3n nacional y la reinserci\xc3\xb3n en la comunidad de las naciones, hay fondos para proyectos sociales y la seguridad.'"
215897644772491265,2012-06-21 20:03:04,"b'Para el bien de nuestra Honduras, el BID aprueba $75mn para salud, educaci\xc3\xb3n, y la reducci\xc3\xb3n de la pobreza con el Bono 10mil'"
215897413666344960,2012-06-21 20:02:09,"b'ademas el BID tambi\xc3\xa9n aprueba $59.8mn para seguridad, incluyendo la capacitaci\xc3\xb3n de los nuevos polic\xc3\xadas'"
215897228483624961,2012-06-21 20:01:25,"b'y para el bien de Honduras, el BID aprueba $30mn para hospitales de Intibuc\xc3\xa1, Lempira, y Valle asociados con el Bono 10mil'"
215896982965854208,2012-06-21 20:00:26,b'Siguen dando frutos la paz y la reconciliaci\xc3\xb3n. El BID volvi\xc3\xb3 a reconocer los avances del pa\xc3\xads y la unidad nacional'
214779389001478144,2012-06-18 17:59:31,b'Al mediod\xc3\xada de hoy juramentar\xc3\xa9 al Director Adjunto de la Direcci\xc3\xb3n de Inteligencia e Investigaci\xc3\xb3n'
214779139977261056,2012-06-18 17:58:32,b'Seguimos firmes en el combate de la delincuencia y criminalidad... http://t.co/1rlMA0e1'
213621859214835713,2012-06-15 13:19:54,b'El poder ejecutivo acatar\xc3\xa1 el fallo del CSJ sobre la reintegraci\xc3\xb3n de los directores departamentales de educaci\xc3\xb3n.'
213621755623899137,2012-06-15 13:19:30,b'En Honduras se respeta el estado de derecho.'
213342119799177216,2012-06-14 18:48:19,"b'Gracias a la polic\xc3\xada, la ni\xc3\xb1a ya esta bajo protecci\xc3\xb3n de la fiscal\xc3\xada de menores, recibe ex\xc3\xa1menes m\xc3\xa9dicos y buscan sus padres.'"
213341050318766080,2012-06-14 18:44:04,"b""Mas importante: salvaron a una nina de 10 a\xc3\xb1os que un marero la habia tomado como 'compa\xc3\xb1era' pocos detalles por tratar de una menor de edad"""
213339912664125440,2012-06-14 18:39:33,"b'275 efectivos participaron en operativos en las dos ciudades, de las 6am hasta las 8:45am, recuperaron 17 casas tomadas por mareros'"
213337098915299329,2012-06-14 18:28:22,"b'El tigre salio temprano, cazando tiburones en ""14 de mayo"" y ""Chamelecon"", yendo donde los mareros han tomado las casas y espacios publicos'"
212296346974171136,2012-06-11 21:32:48,b'34 grandes empresas venden L.18 mil millones por a\xc3\xb1o. Pero no pagan impuestos porque dicen que no ganan nada. Creen uds. que no ganan nada?'
212285964314361857,2012-06-11 20:51:33,b'Reuni\xc3\xb3n de consejo nacional de defensa y seguridad http://t.co/OCfz2NIX'
210778505196208129,2012-06-07 17:01:26,"b'No vamos a permitir que se haga una devaluaci\xc3\xb3n acelerada, de ninguna manera vamos a permitir esto'"
210082226128420865,2012-06-05 18:54:40,b'Vamos avanzando firme resolviendo los verdaderos problemas de nuestro pais. Ya hay paz en el aguan. Estamos trabajando por la paz nacional.'
209847712542228482,2012-06-05 03:22:48,"b'El dialogo sigue y seguira siendo el camino para la paz y la reconciliacion, lo hemos logrado en el Aguan y lo lograremos en todo Honduras'"
209796918048591874,2012-06-05 00:00:57,b'Considero que el arreglo en el Aguan es el principio del fin de los conflictos agrarios.'
208907945008832512,2012-06-02 13:08:30,b'Ayer actuamos para proteger al tiburon del mar; ahora lanzamos el tigre en contra a los tiburones criminales en nuestra tierra.'
208189321189146625,2012-05-31 13:32:56,"b'Quiz\xc3\xa1 lenta, pero seguramente, se llevar\xc3\xa1 ante la justicia a todos los criminales.'"
207972754752933888,2012-05-30 23:12:23,b'Muy pronto el Consejo Nacional de Defensa nombrar\xc3\xa1 al Director Adjunto de la DNII que junto al General Pacheco lucharan por la investigaci\xc3\xb3n'
207940171503644673,2012-05-30 21:02:54,b'Amigos quiero saber que opinan en que Honduras tenga un equipo de polic\xc3\xada elite as\xc3\xad como los carabineros de Italia?'
207647053466181633,2012-05-30 01:38:10,"b'Agradecemos a Juan Ferrera por su apoyo y el de la sociedad civil con el gobierno y pueblo hondure\xc3\xb1o , en ayudar a tener una mejor seguridad'"
207150681340129280,2012-05-28 16:45:45,"b'Aprovechemos para guardar esos ahorros, de nada sirve que nos cueste menos si esa econom\xc3\xada la gastamos\ninconscientemente.'"
207150560229593088,2012-05-28 16:45:16,"b'Aprovechemos esta nueva reducci\xc3\xb3n en el precio de los combustibles, la s\xc3\xa9ptima consecutiva.'"
206400979678134275,2012-05-26 15:06:42,b'La lucha de los periodistas es tambi\xc3\xa9n la lucha nuestra. . . y de toda Honduras'
206067615691587584,2012-05-25 17:02:02,b'Mi coraz\xc3\xb3n y el del todo el pueblo hondure\xc3\xb1o est\xc3\xa1 con los periodistas. Los cr\xc3\xadmenes no quedar\xc3\xa1n impunes'
206022301307777025,2012-05-25 14:01:58,"b'Vamos a depurar la polic\xc3\xada, cosa muy complicada si el enemigo est\xc3\xa1 adentro, pero lo vamos a lograr!'"
205991905505456129,2012-05-25 12:01:12,"b'Sigue bajando el combustible, qu\xc3\xa9 bien, pero invito al pueblo hondure\xc3\xb1o a ahorrar porque sin duda alg\xc3\xban d\xc3\xada volver\xc3\xa1 a subir.'"
205303422042390530,2012-05-23 14:25:24,"b'No es tiempo de cantar victoria, pero estamos muy cerca de resolver en un cien por ciento el crimen de nuestro amigo Alfredo Villatoro.'"
204560034951200769,2012-05-21 13:11:27,"b'Tenemos seis semanas seguidas de baja en los combustibles, eso son buenas noticias. Ser\xc3\xadan mejores si reducimos el consumo como prop\xc3\xb3sito.'"
203556486000017409,2012-05-18 18:43:42,b'RT @ComunicadosHN: Te invitamos a leer... http://t.co/m3KPNrGR'
203486075128262656,2012-05-18 14:03:55,"b'Entre todas esas noticias negativas, hay algunas buenas; se aprob\xc3\xb3 \nel financiamiento para Patuca 3. M\xc3\xa1s energ\xc3\xada limpia para Honduras.'"
203167420851027968,2012-05-17 16:57:42,b'Solamente unidos podremos hallar el camino de la paz que anhelamos los hondure\xc3\xb1os para reconstruir Honduras y rescatar nuestra nacionalidad'
203167257726169088,2012-05-17 16:57:03,"b'D\xc3\xa9mosle paso a la m\xc3\xa1s grande virtud del hondure\xc3\xb1o, la solidaridad sin reserva ante la patria en peligro'"
202826072486723585,2012-05-16 18:21:18,"b'Alfredo Villatoro, un hombre que se dedicaba a informar. A sus familiares, mis mas profundas condolencias.'"
202823086570086401,2012-05-16 18:09:26,b'En el gobierno tenemos toda la determinaci\xc3\xb3n por recuperar la seguridad para los hondure\xc3\xb1os y hondure\xc3\xb1as y as\xc3\xad defender su vida'
201305999162867713,2012-05-12 13:41:04,"b'Es el momento que todos, unidos, demostremos nuestro amor por Honduras.'"
201001166363041794,2012-05-11 17:29:47,"b'Siempre he sido un hombre de palabra, voy a arreglar el problema de seguridad en Honduras. La lucha no es f\xc3\xa1cil, todos debemos colaborar.'"
200583983787024384,2012-05-10 13:52:03,"b'Si es necesario, daremos protecci\xc3\xb3n personal a todos aquellos periodistas que se encuentren en riesgo.'"
200581905698131968,2012-05-10 13:43:47,b'Estamos redoblando esfuerzos para rescatar a Alfredo Villatoro y regresarlo sano y salvo al seno de su familia.'
200331089292689408,2012-05-09 21:07:08,b'Estamos haciendo todo lo posible para liberar a nuestro amigo Alfredo Villatoro y devolver la tranquilidad a su familia y toda Honduras'
200318275870146562,2012-05-09 20:16:13,"b'S\xc3\xa9 que la Polic\xc3\xada est\xc3\xa1 trabajando fuerte, desde muy temprano, desde que sucedi\xc3\xb3 el hecho.'"
200253867965956096,2012-05-09 16:00:17,"b'Se lo integra que es HRN, estoy seguro que ninguna medida intimidatoria les har\xc3\xa1 cambiar su posici\xc3\xb3n en defensa a la libertad de prensa.'"
199893337728237569,2012-05-08 16:07:40,b'Honduras tiene la mas grande herencia maya del mundo. #Honduras'
165239322021335040,2012-02-03 01:04:59,"b'Nuestro pa\xc3\xads va a quedar en paz, esta es mi promesa.'"
147718815747284992,2011-12-16 16:44:44,b'Animo. Es hora de portar el uniforme con orgullo.'
144480744302051328,2011-12-07 18:17:48,b'Lamento mucho lo sucedido el dia de hoy con el ing. Landaverde. Los malos nos quieren amedrentar pero no lo vamos a permitir. Debemos ayudar'
141579263559221248,2011-11-29 18:08:21,b'La operaci\xc3\xb3n rel\xc3\xa1mpago es un \xc3\xa9xito. Queremos paz para nuestro pa\xc3\xads.'
139769957604003840,2011-11-24 18:18:49,b'Estamos trabajando para consolidar la polic\xc3\xada. Vamos a solicitar ayuda extranjera.'
139737480059551745,2011-11-24 16:09:46,b'Semeh se va.'
133671408113942528,2011-11-07 22:25:21,b'Con mano firme estamos avanzando con la operaci\xc3\xb3n rel\xc3\xa1mpago.'
128635371822120961,2011-10-25 00:53:57,b'cuenten con nosotros para ayudarles'
123943294597201920,2011-10-12 02:09:18,b'Si pediremos que se renueve el tps. Es justo y necesario.'
122489756671164416,2011-10-08 01:53:28,b'Excelente reuni\xc3\xb3n con Obama.'
114438119352311810,2011-09-15 20:39:08,b'Viva Honduras viva nuestra naci\xc3\xb3n'
113686163990122496,2011-09-13 18:51:08,b'De todo lo que sucede lo que cuentan son los resultados. Si hay cambios es para ir mejorando.'
112645865230970881,2011-09-10 21:57:21,b'La seguridad nacional es una de la prioridades. Tenemos que trabajar en ello.'
104353059051802624,2011-08-19 00:44:42,b'Les prometo que luchare por el respeto de los afrodescendientes. Honduras es multietnico y multicultural Todos tienen derecho a participar.'
100620212264644609,2011-08-08 17:31:42,b'Seremos mas en\xc3\xa9rgicos con el tema de seguridad y el castigo a la delincuencia.'
99496652188033024,2011-08-05 15:07:05,b'Nadie nos va a detener en nuestra tarea primordial de traer la paz y la tranquilidad nuevamente a las familias Hondure\xc3\xb1as'
99218437011808256,2011-08-04 20:41:33,b'Por cierto vamos a apoyar y fortalecer la preparaci\xc3\xb3n de nuevas generaciones de profesionales y que se conozca lo que hace la U de catacamas'
99217659656273920,2011-08-04 20:38:28,"b'Tenemos que apostarle al futuro, no hay que tener temor al dar el salto o sea vamos a los cambios. Sin cambios Honduras no progresa.'"
86554622092771328,2011-06-30 22:00:04,b'Para que haya paz tiene que haber justicia social para heredar un mejor ma\xc3\xb1ana a nuestros hijos.'
76324085478592512,2011-06-02 16:27:34,b'Doy gracias a Dios por habernos fortalecido en este camino de compromiso con mi patria. Miremos adelante y olvidemos lo que nos desune.'
75568522729750528,2011-05-31 14:25:14,b'Yo apoyare lo que el pueblo hondure\xc3\xb1o decida. Este es mi compromiso con mis compatriotas.'
74643630844952578,2011-05-29 01:10:03,"b'Lo mas importante es Honduras y Nuestra reconciliacion, necesitamos la union de la familia Hondure\xc3\xb1a para poder avanzar como naci\xc3\xb3n.'"
74278877094092801,2011-05-28 01:00:38,"b'Trataremos de tener respuestas favorables para todas las inquietudes surgidas en ""Dialogando Con Mi Presidentede"". Estamos pendientes.'"
73871935989231616,2011-05-26 22:03:36,b'Trabajamos para que logremos que todo sea en consenso. Vamos a evitar cualquier opini\xc3\xb3n en contra. Vamos a reintegrarnos a la OEA.'
72186741188075520,2011-05-22 06:27:14,"b'Ma\xc3\xb1ana es un dia importante, con suscribir nuestra naci\xc3\xb3n, estaremos ingresando pronto a la OEA. Todo sea por la reconciliaci\xc3\xb3n nacional.'"
